MagnetometerDeviceID,SampleDateTime,GeoBfieldMeasureNorth,GeoBfieldMeasureEast,GeoBfieldMeasureVertical
50112,9/7/2017 9:00:00 PM,17462.00,4663.00,51413.00
50112,9/7/2017 9:01:00 PM,17463.00,4663.00,51413.00
50112,9/7/2017 9:02:00 PM,17465.00,4665.00,51413.00
50112,9/7/2017 9:03:00 PM,17467.00,4665.00,51413.00
50112,9/7/2017 9:04:00 PM,17468.00,4666.00,51413.00
50112,9/7/2017 9:05:00 PM,17467.00,4666.00,51414.00
50112,9/7/2017 9:06:00 PM,17468.00,4666.00,51414.00
50112,9/7/2017 9:07:00 PM,17469.00,4667.00,51414.00
50112,9/7/2017 9:08:00 PM,17469.00,4666.00,51414.00
50112,9/7/2017 9:09:00 PM,17470.00,4667.00,51414.00
50112,9/7/2017 9:10:00 PM,17471.00,4668.00,51415.00
50112,9/7/2017 9:11:00 PM,17469.00,4669.00,51415.00
50112,9/7/2017 9:12:00 PM,17469.00,4669.00,51415.00
50112,9/7/2017 9:13:00 PM,17470.00,4669.00,51416.00
50112,9/7/2017 9:14:00 PM,17472.00,4670.00,51416.00
50112,9/7/2017 9:15:00 PM,17472.00,4669.00,51416.00
50112,9/7/2017 9:16:00 PM,17470.00,4670.00,51416.00
50112,9/7/2017 9:17:00 PM,17471.00,4669.00,51417.00
50112,9/7/2017 9:18:00 PM,17471.00,4670.00,51417.00
50112,9/7/2017 9:19:00 PM,17470.00,4670.00,51417.00
50112,9/7/2017 9:20:00 PM,17472.00,4670.00,51418.00
50112,9/7/2017 9:21:00 PM,17472.00,4669.00,51418.00
50112,9/7/2017 9:22:00 PM,17474.00,4669.00,51418.00
50112,9/7/2017 9:23:00 PM,17472.00,4670.00,51418.00
50112,9/7/2017 9:24:00 PM,17471.00,4669.00,51418.00
50112,9/7/2017 9:25:00 PM,17470.00,4669.00,51419.00
50112,9/7/2017 9:26:00 PM,17470.00,4669.00,51419.00
50112,9/7/2017 9:27:00 PM,17472.00,4668.00,51419.00
50112,9/7/2017 9:28:00 PM,17472.00,4669.00,51420.00
50112,9/7/2017 9:29:00 PM,17472.00,4668.00,51420.00
50112,9/7/2017 9:30:00 PM,17473.00,4668.00,51420.00
50112,9/7/2017 9:31:00 PM,17476.00,4668.00,51420.00
50112,9/7/2017 9:32:00 PM,17473.00,4670.00,51420.00
50112,9/7/2017 9:33:00 PM,17474.00,4670.00,51421.00
50112,9/7/2017 9:34:00 PM,17473.00,4671.00,51421.00
50112,9/7/2017 9:35:00 PM,17473.00,4671.00,51421.00
50112,9/7/2017 9:36:00 PM,17473.00,4671.00,51422.00
50112,9/7/2017 9:37:00 PM,17473.00,4671.00,51422.00
50112,9/7/2017 9:38:00 PM,17474.00,4670.00,51422.00
50112,9/7/2017 9:39:00 PM,17474.00,4671.00,51422.00
50112,9/7/2017 9:40:00 PM,17472.00,4672.00,51422.00
50112,9/7/2017 9:41:00 PM,17472.00,4672.00,51423.00
50112,9/7/2017 9:42:00 PM,17470.00,4673.00,51423.00
50112,9/7/2017 9:43:00 PM,17476.00,4673.00,51423.00
50112,9/7/2017 9:44:00 PM,17475.00,4673.00,51424.00
50112,9/7/2017 9:45:00 PM,17474.00,4674.00,51424.00
50112,9/7/2017 9:46:00 PM,17477.00,4674.00,51424.00
50112,9/7/2017 9:47:00 PM,17478.00,4676.00,51424.00
50112,9/7/2017 9:48:00 PM,17478.00,4677.00,51425.00
50112,9/7/2017 9:49:00 PM,17482.00,4677.00,51425.00
50112,9/7/2017 9:50:00 PM,17481.00,4678.00,51425.00
50112,9/7/2017 9:51:00 PM,17481.00,4680.00,51426.00
50112,9/7/2017 9:52:00 PM,17482.00,4680.00,51426.00
50112,9/7/2017 9:53:00 PM,17482.00,4681.00,51426.00
50112,9/7/2017 9:54:00 PM,17483.00,4681.00,51427.00
50112,9/7/2017 9:55:00 PM,17483.00,4679.00,51427.00
50112,9/7/2017 9:56:00 PM,17482.00,4679.00,51427.00
50112,9/7/2017 9:57:00 PM,17479.00,4680.00,51427.00
50112,9/7/2017 9:58:00 PM,17478.00,4681.00,51428.00
50112,9/7/2017 9:59:00 PM,17480.00,4680.00,51428.00
50112,9/7/2017 10:00:00 PM,17479.00,4680.00,51429.00
50112,9/7/2017 10:01:00 PM,17483.00,4680.00,51429.00
50112,9/7/2017 10:02:00 PM,17485.00,4680.00,51429.00
50112,9/7/2017 10:03:00 PM,17487.00,4680.00,51430.00
50112,9/7/2017 10:04:00 PM,17489.00,4680.00,51430.00
50112,9/7/2017 10:05:00 PM,17489.00,4680.00,51430.00
50112,9/7/2017 10:06:00 PM,17489.00,4681.00,51431.00
50112,9/7/2017 10:07:00 PM,17491.00,4680.00,51431.00
50112,9/7/2017 10:08:00 PM,17489.00,4680.00,51431.00
50112,9/7/2017 10:09:00 PM,17489.00,4680.00,51432.00
50112,9/7/2017 10:10:00 PM,17490.00,4679.00,51432.00
50112,9/7/2017 10:11:00 PM,17493.00,4678.00,51432.00
50112,9/7/2017 10:12:00 PM,17491.00,4679.00,51433.00
50112,9/7/2017 10:13:00 PM,17485.00,4680.00,51433.00
50112,9/7/2017 10:14:00 PM,17479.00,4679.00,51433.00
50112,9/7/2017 10:15:00 PM,17475.00,4677.00,51433.00
50112,9/7/2017 10:16:00 PM,17475.00,4676.00,51434.00
50112,9/7/2017 10:17:00 PM,17473.00,4676.00,51434.00
50112,9/7/2017 10:18:00 PM,17472.00,4676.00,51434.00
50112,9/7/2017 10:19:00 PM,17471.00,4675.00,51434.00
50112,9/7/2017 10:20:00 PM,17471.00,4675.00,51435.00
50112,9/7/2017 10:21:00 PM,17472.00,4676.00,51435.00
50112,9/7/2017 10:22:00 PM,17474.00,4676.00,51435.00
50112,9/7/2017 10:23:00 PM,17475.00,4676.00,51436.00
50112,9/7/2017 10:24:00 PM,17476.00,4676.00,51436.00
50112,9/7/2017 10:25:00 PM,17475.00,4677.00,51436.00
50112,9/7/2017 10:26:00 PM,17476.00,4678.00,51437.00
50112,9/7/2017 10:27:00 PM,17481.00,4679.00,51437.00
50112,9/7/2017 10:28:00 PM,17484.00,4680.00,51438.00
50112,9/7/2017 10:29:00 PM,17483.00,4680.00,51438.00
50112,9/7/2017 10:30:00 PM,17486.00,4680.00,51439.00
50112,9/7/2017 10:31:00 PM,17491.00,4678.00,51439.00
50112,9/7/2017 10:32:00 PM,17497.00,4678.00,51440.00
50112,9/7/2017 10:33:00 PM,17497.00,4679.00,51440.00
50112,9/7/2017 10:34:00 PM,17502.00,4678.00,51441.00
50112,9/7/2017 10:35:00 PM,17504.00,4678.00,51441.00
50112,9/7/2017 10:36:00 PM,17505.00,4678.00,51442.00
50112,9/7/2017 10:37:00 PM,17506.00,4678.00,51442.00
50112,9/7/2017 10:38:00 PM,17506.00,4680.00,51443.00
50112,9/7/2017 10:39:00 PM,17508.00,4680.00,51444.00
50112,9/7/2017 10:40:00 PM,17505.00,4680.00,51444.00
50112,9/7/2017 10:41:00 PM,17501.00,4679.00,51445.00
50112,9/7/2017 10:42:00 PM,17503.00,4677.00,51445.00
50112,9/7/2017 10:43:00 PM,17504.00,4678.00,51446.00
50112,9/7/2017 10:44:00 PM,17506.00,4677.00,51446.00
50112,9/7/2017 10:45:00 PM,17507.00,4675.00,51446.00
50112,9/7/2017 10:46:00 PM,17508.00,4673.00,51447.00
50112,9/7/2017 10:47:00 PM,17505.00,4672.00,51447.00
50112,9/7/2017 10:48:00 PM,17502.00,4672.00,51447.00
50112,9/7/2017 10:49:00 PM,17505.00,4671.00,51448.00
50112,9/7/2017 10:50:00 PM,17509.00,4672.00,51448.00
50112,9/7/2017 10:51:00 PM,17509.00,4672.00,51449.00
50112,9/7/2017 10:52:00 PM,17506.00,4672.00,51450.00
50112,9/7/2017 10:53:00 PM,17503.00,4673.00,51450.00
50112,9/7/2017 10:54:00 PM,17501.00,4675.00,51451.00
50112,9/7/2017 10:55:00 PM,17501.00,4676.00,51452.00
50112,9/7/2017 10:56:00 PM,17501.00,4677.00,51453.00
50112,9/7/2017 10:57:00 PM,17502.00,4680.00,51454.00
50112,9/7/2017 10:58:00 PM,17500.00,4682.00,51455.00
50112,9/7/2017 10:59:00 PM,17501.00,4683.00,51456.00
50112,9/7/2017 11:00:00 PM,17505.00,4683.00,51457.00
50112,9/7/2017 11:01:00 PM,17567.00,4698.00,51460.00
50112,9/7/2017 11:02:00 PM,17619.00,4671.00,51466.00
50112,9/7/2017 11:03:00 PM,17648.00,4665.00,51467.00
50112,9/7/2017 11:04:00 PM,17639.00,4666.00,51465.00
50112,9/7/2017 11:05:00 PM,17611.00,4684.00,51464.00
50112,9/7/2017 11:06:00 PM,17596.00,4688.00,51465.00
50112,9/7/2017 11:07:00 PM,17569.00,4697.00,51466.00
50112,9/7/2017 11:08:00 PM,17554.00,4689.00,51468.00
50112,9/7/2017 11:09:00 PM,17552.00,4705.00,51469.00
50112,9/7/2017 11:10:00 PM,17546.00,4698.00,51472.00
50112,9/7/2017 11:11:00 PM,17561.00,4703.00,51474.00
50112,9/7/2017 11:12:00 PM,17566.00,4695.00,51476.00
50112,9/7/2017 11:13:00 PM,17575.00,4699.00,51476.00
50112,9/7/2017 11:14:00 PM,17572.00,4711.00,51475.00
50112,9/7/2017 11:15:00 PM,17589.00,4708.00,51477.00
50112,9/7/2017 11:16:00 PM,17614.00,4710.00,51480.00
50112,9/7/2017 11:17:00 PM,17632.00,4697.00,51482.00
50112,9/7/2017 11:18:00 PM,17645.00,4688.00,51482.00
50112,9/7/2017 11:19:00 PM,17636.00,4686.00,51482.00
50112,9/7/2017 11:20:00 PM,17610.00,4688.00,51482.00
50112,9/7/2017 11:21:00 PM,17592.00,4684.00,51483.00
50112,9/7/2017 11:22:00 PM,17594.00,4675.00,51488.00
50112,9/7/2017 11:23:00 PM,17594.00,4666.00,51494.00
50112,9/7/2017 11:24:00 PM,17588.00,4661.00,51498.00
50112,9/7/2017 11:25:00 PM,17600.00,4656.00,51505.00
50112,9/7/2017 11:26:00 PM,17607.00,4653.00,51515.00
50112,9/7/2017 11:27:00 PM,17594.00,4644.00,51528.00
50112,9/7/2017 11:28:00 PM,17556.00,4656.00,51544.00
50112,9/7/2017 11:29:00 PM,17530.00,4684.00,51567.00
50112,9/7/2017 11:30:00 PM,17527.00,4699.00,51585.00
50112,9/7/2017 11:31:00 PM,17514.00,4700.00,51591.00
50112,9/7/2017 11:32:00 PM,17498.00,4696.00,51593.00
50112,9/7/2017 11:33:00 PM,17498.00,4683.00,51593.00
50112,9/7/2017 11:34:00 PM,17494.00,4674.00,51595.00
50112,9/7/2017 11:35:00 PM,17508.00,4681.00,51604.00
50112,9/7/2017 11:36:00 PM,17542.00,4681.00,51615.00
50112,9/7/2017 11:37:00 PM,17566.00,4669.00,51617.00
50112,9/7/2017 11:38:00 PM,17571.00,4667.00,51621.00
50112,9/7/2017 11:39:00 PM,17585.00,4688.00,51634.00
50112,9/7/2017 11:40:00 PM,17611.00,4720.00,51651.00
50112,9/7/2017 11:41:00 PM,17664.00,4728.00,51662.00
50112,9/7/2017 11:42:00 PM,17685.00,4712.00,51660.00
50112,9/7/2017 11:43:00 PM,17687.00,4678.00,51652.00
50112,9/7/2017 11:44:00 PM,17660.00,4674.00,51664.00
50112,9/7/2017 11:46:00 PM,17799.00,4722.00,51740.00
50112,9/7/2017 11:47:00 PM,17827.00,4715.00,51744.00
50112,9/7/2017 11:48:00 PM,17798.00,4701.00,51739.00
50112,9/7/2017 11:49:00 PM,17768.00,4698.00,51747.00
50112,9/7/2017 11:50:00 PM,17760.00,4690.00,51754.00
50112,9/7/2017 11:51:00 PM,17760.00,4725.00,51764.00
50112,9/7/2017 11:52:00 PM,17772.00,4770.00,51775.00
50112,9/7/2017 11:53:00 PM,17778.00,4779.00,51767.00
50112,9/7/2017 11:54:00 PM,17788.00,4756.00,51757.00
50112,9/7/2017 11:55:00 PM,17776.00,4737.00,51753.00
50112,9/7/2017 11:56:00 PM,17758.00,4742.00,51757.00
50112,9/7/2017 11:57:00 PM,17759.00,4756.00,51747.00
50112,9/7/2017 11:58:00 PM,17763.00,4766.00,51725.00
50112,9/7/2017 11:59:00 PM,17789.00,4737.00,51715.00
50112,9/8/2017 12:00:00 AM,17841.00,4675.00,51702.00
50112,9/8/2017 12:01:00 AM,17830.00,4667.00,51641.00
50112,9/8/2017 12:02:00 AM,17799.00,4643.00,51602.00
50112,9/8/2017 12:03:00 AM,17774.00,4628.00,51608.00
50112,9/8/2017 12:04:00 AM,17761.00,4631.00,51644.00
50112,9/8/2017 12:05:00 AM,17767.00,4648.00,51672.00
50112,9/8/2017 12:06:00 AM,17747.00,4667.00,51681.00
50112,9/8/2017 12:07:00 AM,17725.00,4690.00,51684.00
50112,9/8/2017 12:08:00 AM,17719.00,4721.00,51680.00
50112,9/8/2017 12:09:00 AM,17725.00,4738.00,51674.00
50112,9/8/2017 12:10:00 AM,17739.00,4755.00,51664.00
50112,9/8/2017 12:11:00 AM,17750.00,4748.00,51660.00
50112,9/8/2017 12:12:00 AM,17761.00,4706.00,51662.00
50112,9/8/2017 12:13:00 AM,17749.00,4692.00,51660.00
50112,9/8/2017 12:14:00 AM,17741.00,4688.00,51658.00
50112,9/8/2017 12:15:00 AM,17743.00,4688.00,51680.00
50112,9/8/2017 12:16:00 AM,17753.00,4699.00,51712.00
50112,9/8/2017 12:17:00 AM,17756.00,4724.00,51722.00
50112,9/8/2017 12:18:00 AM,17749.00,4733.00,51689.00
50112,9/8/2017 12:19:00 AM,17764.00,4731.00,51670.00
50112,9/8/2017 12:20:00 AM,17780.00,4726.00,51664.00
50112,9/8/2017 12:21:00 AM,17816.00,4702.00,51653.00
50112,9/8/2017 12:22:00 AM,17839.00,4657.00,51625.00
50112,9/8/2017 12:23:00 AM,17824.00,4689.00,51587.00
50112,9/8/2017 12:24:00 AM,17838.00,4712.00,51571.00
50112,9/8/2017 12:25:00 AM,17874.00,4704.00,51576.00
50112,9/8/2017 12:26:00 AM,17906.00,4674.00,51571.00
50112,9/8/2017 12:27:00 AM,17924.00,4651.00,51565.00
50112,9/8/2017 12:28:00 AM,17917.00,4613.00,51549.00
50112,9/8/2017 12:29:00 AM,17892.00,4512.00,51518.00
50112,9/8/2017 12:30:00 AM,17856.00,4518.00,51512.00
50112,9/8/2017 12:31:00 AM,17851.00,4640.00,51560.00
50112,9/8/2017 12:32:00 AM,17891.00,4693.00,51599.00
50112,9/8/2017 12:33:00 AM,17917.00,4709.00,51622.00
50112,9/8/2017 12:35:00 AM,18012.00,4735.00,51588.00
50112,9/8/2017 12:36:00 AM,18012.00,4732.00,51572.00
50112,9/8/2017 12:37:00 AM,18050.00,4701.00,51558.00
50112,9/8/2017 12:38:00 AM,18068.00,4643.00,51566.00
50112,9/8/2017 12:39:00 AM,18022.00,4626.00,51645.00
50112,9/8/2017 12:40:00 AM,18077.00,4704.00,51744.00
50112,9/8/2017 12:41:00 AM,18210.00,4768.00,51774.00
50112,9/8/2017 12:42:00 AM,18225.00,4749.00,51755.00
50112,9/8/2017 12:43:00 AM,18170.00,4737.00,51737.00
50112,9/8/2017 12:44:00 AM,18140.00,4701.00,51752.00
50112,9/8/2017 12:45:00 AM,18141.00,4694.00,51808.00
50112,9/8/2017 12:46:00 AM,18226.00,4749.00,51831.00
50112,9/8/2017 12:47:00 AM,18230.00,4741.00,51772.00
50112,9/8/2017 12:48:00 AM,18090.00,4687.00,51664.00
50112,9/8/2017 12:49:00 AM,17965.00,4652.00,51607.00
50112,9/8/2017 12:50:00 AM,17939.00,4646.00,51601.00
50112,9/8/2017 12:51:00 AM,17956.00,4650.00,51614.00
50112,9/8/2017 12:52:00 AM,17910.00,4617.00,51609.00
50112,9/8/2017 12:53:00 AM,17864.00,4626.00,51614.00
50112,9/8/2017 12:54:00 AM,17891.00,4672.00,51628.00
50112,9/8/2017 12:55:00 AM,17898.00,4663.00,51636.00
50112,9/8/2017 12:56:00 AM,17910.00,4683.00,51661.00
50112,9/8/2017 12:57:00 AM,17904.00,4709.00,51664.00
50112,9/8/2017 12:58:00 AM,17903.00,4734.00,51665.00
50112,9/8/2017 12:59:00 AM,17920.00,4743.00,51674.00
50112,9/8/2017 1:00:00 AM,17919.00,4757.00,51684.00
50112,9/8/2017 1:01:00 AM,17889.00,4779.00,51689.00
50112,9/8/2017 1:02:00 AM,17864.00,4810.00,51691.00
50112,9/8/2017 1:03:00 AM,17854.00,4825.00,51696.00
50112,9/8/2017 1:04:00 AM,17849.00,4822.00,51686.00
50112,9/8/2017 1:05:00 AM,17825.00,4818.00,51658.00
50112,9/8/2017 1:06:00 AM,17801.00,4822.00,51631.00
50112,9/8/2017 1:07:00 AM,17813.00,4815.00,51611.00
50112,9/8/2017 1:08:00 AM,17812.00,4795.00,51593.00
50112,9/8/2017 1:09:00 AM,17826.00,4787.00,51580.00
50112,9/8/2017 1:10:00 AM,17838.00,4760.00,51557.00
50112,9/8/2017 1:11:00 AM,17844.00,4655.00,51520.00
50112,9/8/2017 1:12:00 AM,17816.00,4547.00,51502.00
50112,9/8/2017 1:13:00 AM,17796.00,4533.00,51528.00
50112,9/8/2017 1:14:00 AM,17876.00,4617.00,51583.00
50112,9/8/2017 1:15:00 AM,17935.00,4656.00,51604.00
50112,9/8/2017 1:16:00 AM,17899.00,4649.00,51601.00
50112,9/8/2017 1:17:00 AM,17859.00,4651.00,51618.00
50112,9/8/2017 1:18:00 AM,17845.00,4674.00,51633.00
50112,9/8/2017 1:19:00 AM,17827.00,4675.00,51642.00
50112,9/8/2017 1:20:00 AM,17818.00,4698.00,51646.00
50112,9/8/2017 1:21:00 AM,17838.00,4745.00,51658.00
50112,9/8/2017 1:22:00 AM,17896.00,4796.00,51679.00
50112,9/8/2017 1:23:00 AM,17952.00,4829.00,51688.00
50112,9/8/2017 1:24:00 AM,17985.00,4858.00,51670.00
50112,9/8/2017 1:25:00 AM,17999.00,4863.00,51633.00
50112,9/8/2017 1:26:00 AM,18024.00,4840.00,51616.00
50112,9/8/2017 1:27:00 AM,18039.00,4812.00,51670.00
50112,9/8/2017 1:28:00 AM,18035.00,4840.00,51730.00
50112,9/8/2017 1:29:00 AM,18049.00,4887.00,51777.00
50112,9/8/2017 1:30:00 AM,18028.00,4931.00,51792.00
50112,9/8/2017 1:31:00 AM,18003.00,4909.00,51790.00
50112,9/8/2017 1:32:00 AM,17996.00,4806.00,51767.00
50112,9/8/2017 1:33:00 AM,17897.00,4748.00,51720.00
50112,9/8/2017 1:34:00 AM,17830.00,4823.00,51696.00
50112,9/8/2017 1:35:00 AM,17873.00,4847.00,51696.00
50112,9/8/2017 1:36:00 AM,17862.00,4859.00,51700.00
50112,9/8/2017 1:37:00 AM,17888.00,4894.00,51692.00
50112,9/8/2017 1:38:00 AM,17903.00,4902.00,51681.00
50112,9/8/2017 1:39:00 AM,17839.00,4908.00,51665.00
50112,9/8/2017 1:40:00 AM,17744.00,4901.00,51637.00
50112,9/8/2017 1:41:00 AM,17678.00,4903.00,51607.00
50112,9/8/2017 1:42:00 AM,17640.00,4898.00,51596.00
50112,9/8/2017 1:43:00 AM,17608.00,4885.00,51590.00
50112,9/8/2017 1:44:00 AM,17587.00,4846.00,51602.00
50112,9/8/2017 1:45:00 AM,17583.00,4814.00,51613.00
50112,9/8/2017 1:46:00 AM,17574.00,4808.00,51625.00
50112,9/8/2017 1:47:00 AM,17570.00,4811.00,51639.00
50112,9/8/2017 1:48:00 AM,17555.00,4808.00,51644.00
50112,9/8/2017 1:49:00 AM,17542.00,4809.00,51642.00
50112,9/8/2017 1:50:00 AM,17534.00,4811.00,51639.00
50112,9/8/2017 1:51:00 AM,17538.00,4804.00,51636.00
50112,9/8/2017 1:53:00 AM,17500.00,4822.00,51640.00
50112,9/8/2017 1:54:00 AM,17477.00,4837.00,51625.00
50112,9/8/2017 1:55:00 AM,17455.00,4832.00,51601.00
50112,9/8/2017 1:56:00 AM,17451.00,4815.00,51594.00
50112,9/8/2017 1:57:00 AM,17443.00,4820.00,51591.00
50112,9/8/2017 1:58:00 AM,17451.00,4808.00,51578.00
50112,9/8/2017 1:59:00 AM,17456.00,4783.00,51572.00
50112,9/8/2017 2:00:00 AM,17452.00,4771.00,51575.00
50112,9/8/2017 2:01:00 AM,17452.00,4765.00,51575.00
50112,9/8/2017 2:02:00 AM,17451.00,4754.00,51574.00
50112,9/8/2017 2:03:00 AM,17444.00,4752.00,51580.00
50112,9/8/2017 2:04:00 AM,17435.00,4760.00,51587.00
50112,9/8/2017 2:05:00 AM,17431.00,4768.00,51590.00
50112,9/8/2017 2:06:00 AM,17432.00,4772.00,51590.00
50112,9/8/2017 2:07:00 AM,17430.00,4769.00,51586.00
50112,9/8/2017 2:08:00 AM,17425.00,4760.00,51581.00
50112,9/8/2017 2:09:00 AM,17419.00,4757.00,51582.00
50112,9/8/2017 2:10:00 AM,17417.00,4759.00,51582.00
50112,9/8/2017 2:11:00 AM,17417.00,4760.00,51582.00
50112,9/8/2017 2:12:00 AM,17419.00,4756.00,51584.00
50112,9/8/2017 2:13:00 AM,17422.00,4751.00,51591.00
50112,9/8/2017 2:14:00 AM,17422.00,4749.00,51594.00
50112,9/8/2017 2:15:00 AM,17420.00,4749.00,51595.00
50112,9/8/2017 2:16:00 AM,17416.00,4754.00,51596.00
50112,9/8/2017 2:17:00 AM,17411.00,4759.00,51593.00
50112,9/8/2017 2:18:00 AM,17409.00,4757.00,51588.00
50112,9/8/2017 2:19:00 AM,17409.00,4753.00,51584.00
50112,9/8/2017 2:20:00 AM,17410.00,4748.00,51577.00
50112,9/8/2017 2:21:00 AM,17411.00,4735.00,51570.00
50112,9/8/2017 2:22:00 AM,17411.00,4724.00,51564.00
50112,9/8/2017 2:23:00 AM,17412.00,4712.00,51558.00
50112,9/8/2017 2:24:00 AM,17415.00,4702.00,51553.00
50112,9/8/2017 2:25:00 AM,17418.00,4692.00,51549.00
50112,9/8/2017 2:26:00 AM,17416.00,4680.00,51545.00
50112,9/8/2017 2:27:00 AM,17412.00,4674.00,51544.00
50112,9/8/2017 2:28:00 AM,17415.00,4668.00,51541.00
50112,9/8/2017 2:29:00 AM,17420.00,4658.00,51536.00
50112,9/8/2017 2:30:00 AM,17423.00,4644.00,51533.00
50112,9/8/2017 2:31:00 AM,17424.00,4633.00,51533.00
50112,9/8/2017 2:32:00 AM,17426.00,4628.00,51537.00
50112,9/8/2017 2:33:00 AM,17429.00,4629.00,51546.00
50112,9/8/2017 2:34:00 AM,17430.00,4628.00,51555.00
50112,9/8/2017 2:35:00 AM,17426.00,4642.00,51568.00
50112,9/8/2017 2:36:00 AM,17426.00,4669.00,51580.00
50112,9/8/2017 2:37:00 AM,17435.00,4687.00,51585.00
50112,9/8/2017 2:38:00 AM,17443.00,4687.00,51584.00
50112,9/8/2017 2:39:00 AM,17447.00,4679.00,51583.00
50112,9/8/2017 2:40:00 AM,17446.00,4671.00,51584.00
50112,9/8/2017 2:41:00 AM,17439.00,4670.00,51586.00
50112,9/8/2017 2:42:00 AM,17432.00,4678.00,51588.00
50112,9/8/2017 2:43:00 AM,17432.00,4692.00,51591.00
50112,9/8/2017 2:44:00 AM,17440.00,4699.00,51592.00
50112,9/8/2017 2:45:00 AM,17448.00,4696.00,51591.00
50112,9/8/2017 2:46:00 AM,17452.00,4684.00,51586.00
50112,9/8/2017 2:47:00 AM,17446.00,4670.00,51579.00
50112,9/8/2017 2:48:00 AM,17442.00,4663.00,51576.00
50112,9/8/2017 2:49:00 AM,17442.00,4658.00,51577.00
50112,9/8/2017 2:50:00 AM,17441.00,4654.00,51579.00
50112,9/8/2017 2:51:00 AM,17440.00,4652.00,51582.00
50112,9/8/2017 2:52:00 AM,17437.00,4652.00,51586.00
50112,9/8/2017 2:53:00 AM,17432.00,4655.00,51589.00
50112,9/8/2017 2:54:00 AM,17426.00,4660.00,51592.00
50112,9/8/2017 2:55:00 AM,17425.00,4667.00,51597.00
50112,9/8/2017 2:56:00 AM,17423.00,4676.00,51602.00
50112,9/8/2017 2:57:00 AM,17421.00,4686.00,51606.00
50112,9/8/2017 2:58:00 AM,17418.00,4697.00,51608.00
50112,9/8/2017 2:59:00 AM,17413.00,4704.00,51605.00
50112,9/8/2017 3:00:00 AM,17406.00,4712.00,51600.00
50112,9/8/2017 3:01:00 AM,17402.00,4722.00,51593.00
50112,9/8/2017 3:02:00 AM,17402.00,4727.00,51584.00
50112,9/8/2017 3:03:00 AM,17405.00,4722.00,51573.00
50112,9/8/2017 3:04:00 AM,17406.00,4713.00,51563.00
50112,9/8/2017 3:05:00 AM,17406.00,4703.00,51554.00
50112,9/8/2017 3:06:00 AM,17406.00,4692.00,51547.00
50112,9/8/2017 3:07:00 AM,17405.00,4681.00,51542.00
50112,9/8/2017 3:08:00 AM,17404.00,4673.00,51538.00
50112,9/8/2017 3:09:00 AM,17404.00,4668.00,51534.00
50112,9/8/2017 3:10:00 AM,17405.00,4664.00,51531.00
50112,9/8/2017 3:11:00 AM,17406.00,4660.00,51528.00
50112,9/8/2017 3:12:00 AM,17409.00,4660.00,51525.00
50112,9/8/2017 3:13:00 AM,17413.00,4660.00,51523.00
50112,9/8/2017 3:14:00 AM,17415.00,4655.00,51521.00
50112,9/8/2017 3:15:00 AM,17415.00,4653.00,51519.00
50112,9/8/2017 3:16:00 AM,17417.00,4653.00,51518.00
50112,9/8/2017 3:17:00 AM,17419.00,4651.00,51517.00
50112,9/8/2017 3:18:00 AM,17418.00,4646.00,51515.00
50112,9/8/2017 3:19:00 AM,17415.00,4644.00,51514.00
50112,9/8/2017 3:20:00 AM,17411.00,4643.00,51513.00
50112,9/8/2017 3:21:00 AM,17407.00,4644.00,51513.00
50112,9/8/2017 3:22:00 AM,17401.00,4644.00,51514.00
50112,9/8/2017 3:23:00 AM,17398.00,4649.00,51514.00
50112,9/8/2017 3:24:00 AM,17396.00,4652.00,51515.00
50112,9/8/2017 3:25:00 AM,17398.00,4656.00,51516.00
50112,9/8/2017 3:26:00 AM,17401.00,4659.00,51515.00
50112,9/8/2017 3:27:00 AM,17402.00,4660.00,51514.00
50112,9/8/2017 3:28:00 AM,17402.00,4663.00,51512.00
50112,9/8/2017 3:29:00 AM,17404.00,4665.00,51511.00
50112,9/8/2017 3:30:00 AM,17406.00,4665.00,51510.00
50112,9/8/2017 3:31:00 AM,17406.00,4664.00,51508.00
50112,9/8/2017 3:32:00 AM,17405.00,4661.00,51507.00
50112,9/8/2017 3:33:00 AM,17404.00,4660.00,51506.00
50112,9/8/2017 3:34:00 AM,17405.00,4658.00,51505.00
50112,9/8/2017 3:35:00 AM,17406.00,4655.00,51503.00
50112,9/8/2017 3:36:00 AM,17406.00,4657.00,51502.00
50112,9/8/2017 3:37:00 AM,17406.00,4657.00,51501.00
50112,9/8/2017 3:38:00 AM,17407.00,4656.00,51500.00
50112,9/8/2017 3:39:00 AM,17411.00,4658.00,51498.00
50112,9/8/2017 3:40:00 AM,17415.00,4657.00,51497.00
50112,9/8/2017 3:41:00 AM,17419.00,4659.00,51497.00
50112,9/8/2017 3:42:00 AM,17424.00,4660.00,51497.00
50112,9/8/2017 3:43:00 AM,17426.00,4659.00,51496.00
50112,9/8/2017 3:44:00 AM,17427.00,4658.00,51496.00
50112,9/8/2017 3:45:00 AM,17433.00,4660.00,51497.00
50112,9/8/2017 3:46:00 AM,17436.00,4662.00,51498.00
50112,9/8/2017 3:47:00 AM,17438.00,4663.00,51498.00
50112,9/8/2017 3:48:00 AM,17441.00,4665.00,51500.00
50112,9/8/2017 3:49:00 AM,17442.00,4666.00,51501.00
50112,9/8/2017 3:50:00 AM,17446.00,4667.00,51503.00
50112,9/8/2017 3:51:00 AM,17451.00,4668.00,51505.00
50112,9/8/2017 3:52:00 AM,17455.00,4668.00,51507.00
50112,9/8/2017 3:53:00 AM,17458.00,4667.00,51509.00
50112,9/8/2017 3:54:00 AM,17465.00,4668.00,51510.00
50112,9/8/2017 3:55:00 AM,17470.00,4670.00,51512.00
50112,9/8/2017 3:56:00 AM,17474.00,4674.00,51514.00
50112,9/8/2017 3:57:00 AM,17474.00,4672.00,51516.00
50112,9/8/2017 3:58:00 AM,17472.00,4671.00,51518.00
50112,9/8/2017 3:59:00 AM,17471.00,4670.00,51521.00
50112,9/8/2017 4:00:00 AM,17470.00,4670.00,51525.00
50112,9/8/2017 4:01:00 AM,17470.00,4669.00,51529.00
50112,9/8/2017 4:02:00 AM,17468.00,4668.00,51531.00
50112,9/8/2017 4:03:00 AM,17465.00,4668.00,51534.00
50112,9/8/2017 4:04:00 AM,17464.00,4670.00,51537.00
50112,9/8/2017 4:05:00 AM,17465.00,4672.00,51540.00
50112,9/8/2017 4:06:00 AM,17465.00,4672.00,51543.00
50112,9/8/2017 4:07:00 AM,17465.00,4671.00,51545.00
50112,9/8/2017 4:08:00 AM,17464.00,4667.00,51546.00
50112,9/8/2017 4:09:00 AM,17460.00,4662.00,51547.00
50112,9/8/2017 4:10:00 AM,17456.00,4661.00,51548.00
50112,9/8/2017 4:11:00 AM,17453.00,4663.00,51549.00
50112,9/8/2017 4:12:00 AM,17450.00,4664.00,51549.00
50112,9/8/2017 4:13:00 AM,17445.00,4666.00,51550.00
50112,9/8/2017 4:14:00 AM,17440.00,4667.00,51549.00
50112,9/8/2017 4:15:00 AM,17434.00,4668.00,51548.00
50112,9/8/2017 4:16:00 AM,17428.00,4668.00,51547.00
50112,9/8/2017 4:17:00 AM,17423.00,4670.00,51545.00
50112,9/8/2017 4:18:00 AM,17419.00,4674.00,51543.00
50112,9/8/2017 4:19:00 AM,17416.00,4676.00,51542.00
50112,9/8/2017 4:20:00 AM,17414.00,4678.00,51541.00
50112,9/8/2017 4:21:00 AM,17413.00,4679.00,51539.00
50112,9/8/2017 4:22:00 AM,17412.00,4681.00,51537.00
50112,9/8/2017 4:23:00 AM,17412.00,4681.00,51536.00
50112,9/8/2017 4:24:00 AM,17412.00,4681.00,51534.00
50112,9/8/2017 4:25:00 AM,17411.00,4682.00,51532.00
50112,9/8/2017 4:26:00 AM,17411.00,4682.00,51531.00
50112,9/8/2017 4:27:00 AM,17411.00,4682.00,51529.00
50112,9/8/2017 4:28:00 AM,17412.00,4681.00,51528.00
50112,9/8/2017 4:29:00 AM,17411.00,4680.00,51526.00
50112,9/8/2017 4:30:00 AM,17412.00,4679.00,51525.00
50112,9/8/2017 4:31:00 AM,17412.00,4678.00,51524.00
50112,9/8/2017 4:32:00 AM,17413.00,4676.00,51522.00
50112,9/8/2017 4:33:00 AM,17412.00,4674.00,51520.00
50112,9/8/2017 4:34:00 AM,17411.00,4672.00,51519.00
50112,9/8/2017 4:35:00 AM,17408.00,4671.00,51517.00
50112,9/8/2017 4:36:00 AM,17407.00,4672.00,51516.00
50112,9/8/2017 4:37:00 AM,17409.00,4674.00,51516.00
50112,9/8/2017 4:38:00 AM,17408.00,4674.00,51515.00
50112,9/8/2017 4:39:00 AM,17408.00,4677.00,51515.00
50112,9/8/2017 4:40:00 AM,17407.00,4676.00,51515.00
50112,9/8/2017 4:41:00 AM,17407.00,4676.00,51515.00
50112,9/8/2017 4:42:00 AM,17409.00,4677.00,51517.00
50112,9/8/2017 4:43:00 AM,17411.00,4679.00,51518.00
50112,9/8/2017 4:44:00 AM,17413.00,4680.00,51520.00
50112,9/8/2017 4:45:00 AM,17414.00,4682.00,51521.00
50112,9/8/2017 4:46:00 AM,17415.00,4683.00,51522.00
50112,9/8/2017 4:47:00 AM,17415.00,4683.00,51523.00
50112,9/8/2017 4:48:00 AM,17414.00,4681.00,51523.00
50112,9/8/2017 4:49:00 AM,17414.00,4680.00,51524.00
50112,9/8/2017 4:50:00 AM,17412.00,4681.00,51525.00
50112,9/8/2017 4:51:00 AM,17412.00,4682.00,51525.00
50112,9/8/2017 4:52:00 AM,17410.00,4683.00,51524.00
50112,9/8/2017 4:53:00 AM,17408.00,4687.00,51523.00
50112,9/8/2017 4:54:00 AM,17406.00,4690.00,51523.00
50112,9/8/2017 4:55:00 AM,17404.00,4694.00,51522.00
50112,9/8/2017 4:56:00 AM,17401.00,4695.00,51521.00
50112,9/8/2017 4:57:00 AM,17399.00,4698.00,51519.00
50112,9/8/2017 4:58:00 AM,17400.00,4700.00,51517.00
50112,9/8/2017 4:59:00 AM,17402.00,4701.00,51515.00
50112,9/8/2017 5:00:00 AM,17405.00,4700.00,51512.00
50112,9/8/2017 5:01:00 AM,17406.00,4699.00,51509.00
50112,9/8/2017 5:02:00 AM,17406.00,4697.00,51505.00
50112,9/8/2017 5:03:00 AM,17406.00,4695.00,51501.00
50112,9/8/2017 5:04:00 AM,17406.00,4694.00,51497.00
50112,9/8/2017 5:05:00 AM,17408.00,4694.00,51494.00
50112,9/8/2017 5:06:00 AM,17410.00,4695.00,51492.00
50112,9/8/2017 5:07:00 AM,17411.00,4695.00,51489.00
50112,9/8/2017 5:08:00 AM,17410.00,4697.00,51488.00
50112,9/8/2017 5:09:00 AM,17408.00,4697.00,51486.00
50112,9/8/2017 5:10:00 AM,17407.00,4696.00,51485.00
50112,9/8/2017 5:11:00 AM,17403.00,4697.00,51484.00
50112,9/8/2017 5:12:00 AM,17401.00,4699.00,51484.00
50112,9/8/2017 5:13:00 AM,17402.00,4701.00,51483.00
50112,9/8/2017 5:14:00 AM,17403.00,4703.00,51482.00
50112,9/8/2017 5:15:00 AM,17405.00,4707.00,51482.00
50112,9/8/2017 5:16:00 AM,17408.00,4709.00,51482.00
50112,9/8/2017 5:17:00 AM,17410.00,4709.00,51480.00
50112,9/8/2017 5:18:00 AM,17413.00,4706.00,51478.00
50112,9/8/2017 5:19:00 AM,17415.00,4701.00,51476.00
50112,9/8/2017 5:20:00 AM,17416.00,4696.00,51474.00
50112,9/8/2017 5:21:00 AM,17416.00,4692.00,51471.00
50112,9/8/2017 5:22:00 AM,17415.00,4690.00,51469.00
50112,9/8/2017 5:23:00 AM,17414.00,4687.00,51468.00
50112,9/8/2017 5:24:00 AM,17414.00,4684.00,51467.00
50112,9/8/2017 5:25:00 AM,17413.00,4682.00,51466.00
50112,9/8/2017 5:26:00 AM,17413.00,4680.00,51466.00
50112,9/8/2017 5:27:00 AM,17412.00,4680.00,51465.00
50112,9/8/2017 5:28:00 AM,17412.00,4677.00,51464.00
50112,9/8/2017 5:29:00 AM,17411.00,4675.00,51464.00
50112,9/8/2017 5:30:00 AM,17410.00,4675.00,51463.00
50112,9/8/2017 5:31:00 AM,17409.00,4674.00,51462.00
50112,9/8/2017 5:32:00 AM,17408.00,4673.00,51462.00
50112,9/8/2017 5:33:00 AM,17405.00,4674.00,51461.00
50112,9/8/2017 5:34:00 AM,17405.00,4676.00,51461.00
50112,9/8/2017 5:35:00 AM,17404.00,4677.00,51461.00
50112,9/8/2017 5:36:00 AM,17402.00,4680.00,51461.00
50112,9/8/2017 5:37:00 AM,17404.00,4684.00,51462.00
50112,9/8/2017 5:38:00 AM,17408.00,4686.00,51463.00
50112,9/8/2017 5:39:00 AM,17410.00,4686.00,51463.00
50112,9/8/2017 5:40:00 AM,17413.00,4686.00,51462.00
50112,9/8/2017 5:41:00 AM,17415.00,4686.00,51460.00
50112,9/8/2017 5:42:00 AM,17416.00,4686.00,51459.00
50112,9/8/2017 5:43:00 AM,17416.00,4686.00,51458.00
50112,9/8/2017 5:44:00 AM,17419.00,4687.00,51457.00
50112,9/8/2017 5:45:00 AM,17421.00,4684.00,51456.00
50112,9/8/2017 5:46:00 AM,17423.00,4681.00,51455.00
50112,9/8/2017 5:47:00 AM,17423.00,4677.00,51453.00
50112,9/8/2017 5:48:00 AM,17420.00,4677.00,51452.00
50112,9/8/2017 5:49:00 AM,17419.00,4679.00,51452.00
50112,9/8/2017 5:50:00 AM,17418.00,4679.00,51452.00
50112,9/8/2017 5:51:00 AM,17416.00,4679.00,51452.00
50112,9/8/2017 5:52:00 AM,17416.00,4680.00,51452.00
50112,9/8/2017 5:53:00 AM,17416.00,4680.00,51452.00
50112,9/8/2017 5:54:00 AM,17413.00,4680.00,51452.00
50112,9/8/2017 5:55:00 AM,17410.00,4685.00,51452.00
50112,9/8/2017 5:56:00 AM,17409.00,4686.00,51453.00
50112,9/8/2017 5:57:00 AM,17407.00,4684.00,51453.00
50112,9/8/2017 5:58:00 AM,17409.00,4681.00,51453.00
50112,9/8/2017 5:59:00 AM,17412.00,4680.00,51451.00
50112,9/8/2017 6:00:00 AM,17412.00,4679.00,51450.00
50112,9/8/2017 6:01:00 AM,17411.00,4678.00,51449.00
50112,9/8/2017 6:02:00 AM,17412.00,4679.00,51448.00
50112,9/8/2017 6:03:00 AM,17415.00,4676.00,51448.00
50112,9/8/2017 6:04:00 AM,17416.00,4670.00,51447.00
50112,9/8/2017 6:05:00 AM,17417.00,4665.00,51446.00
50112,9/8/2017 6:06:00 AM,17418.00,4661.00,51445.00
50112,9/8/2017 6:07:00 AM,17419.00,4658.00,51444.00
50112,9/8/2017 6:08:00 AM,17421.00,4653.00,51442.00
50112,9/8/2017 6:09:00 AM,17423.00,4649.00,51441.00
50112,9/8/2017 6:10:00 AM,17423.00,4646.00,51441.00
50112,9/8/2017 6:11:00 AM,17424.00,4645.00,51440.00
50112,9/8/2017 6:12:00 AM,17424.00,4644.00,51439.00
50112,9/8/2017 6:13:00 AM,17422.00,4643.00,51438.00
50112,9/8/2017 6:14:00 AM,17420.00,4644.00,51438.00
50112,9/8/2017 6:15:00 AM,17420.00,4647.00,51438.00
50112,9/8/2017 6:16:00 AM,17423.00,4652.00,51438.00
50112,9/8/2017 6:17:00 AM,17424.00,4652.00,51437.00
50112,9/8/2017 6:18:00 AM,17423.00,4653.00,51436.00
50112,9/8/2017 6:19:00 AM,17424.00,4657.00,51434.00
50112,9/8/2017 6:20:00 AM,17423.00,4661.00,51434.00
50112,9/8/2017 6:21:00 AM,17423.00,4666.00,51433.00
50112,9/8/2017 6:22:00 AM,17420.00,4670.00,51432.00
50112,9/8/2017 6:23:00 AM,17417.00,4676.00,51432.00
50112,9/8/2017 6:24:00 AM,17416.00,4680.00,51433.00
50112,9/8/2017 6:25:00 AM,17414.00,4682.00,51433.00
50112,9/8/2017 6:26:00 AM,17415.00,4685.00,51433.00
50112,9/8/2017 6:27:00 AM,17416.00,4686.00,51433.00
50112,9/8/2017 6:28:00 AM,17417.00,4685.00,51432.00
50112,9/8/2017 6:29:00 AM,17416.00,4682.00,51432.00
50112,9/8/2017 6:30:00 AM,17414.00,4682.00,51431.00
50112,9/8/2017 6:31:00 AM,17410.00,4681.00,51431.00
50112,9/8/2017 6:32:00 AM,17410.00,4679.00,51431.00
50112,9/8/2017 6:33:00 AM,17410.00,4673.00,51431.00
50112,9/8/2017 6:34:00 AM,17411.00,4670.00,51429.00
50112,9/8/2017 6:35:00 AM,17411.00,4669.00,51429.00
50112,9/8/2017 6:36:00 AM,17411.00,4669.00,51428.00
50112,9/8/2017 6:37:00 AM,17410.00,4669.00,51428.00
50112,9/8/2017 6:38:00 AM,17408.00,4670.00,51427.00
50112,9/8/2017 6:39:00 AM,17408.00,4672.00,51426.00
50112,9/8/2017 6:40:00 AM,17407.00,4673.00,51426.00
50112,9/8/2017 6:41:00 AM,17406.00,4673.00,51426.00
50112,9/8/2017 6:42:00 AM,17405.00,4672.00,51425.00
50112,9/8/2017 6:43:00 AM,17406.00,4671.00,51424.00
50112,9/8/2017 6:44:00 AM,17407.00,4671.00,51424.00
50112,9/8/2017 6:45:00 AM,17406.00,4670.00,51423.00
50112,9/8/2017 6:46:00 AM,17404.00,4671.00,51421.00
50112,9/8/2017 6:47:00 AM,17401.00,4674.00,51420.00
50112,9/8/2017 6:48:00 AM,17398.00,4677.00,51418.00
50112,9/8/2017 6:49:00 AM,17397.00,4681.00,51418.00
50112,9/8/2017 6:50:00 AM,17398.00,4685.00,51417.00
50112,9/8/2017 6:51:00 AM,17394.00,4687.00,51417.00
50112,9/8/2017 6:52:00 AM,17393.00,4690.00,51416.00
50112,9/8/2017 6:53:00 AM,17392.00,4692.00,51416.00
50112,9/8/2017 6:54:00 AM,17390.00,4694.00,51417.00
50112,9/8/2017 6:55:00 AM,17390.00,4696.00,51417.00
50112,9/8/2017 6:56:00 AM,17390.00,4698.00,51417.00
50112,9/8/2017 6:57:00 AM,17389.00,4700.00,51416.00
50112,9/8/2017 6:58:00 AM,17385.00,4703.00,51416.00
50112,9/8/2017 6:59:00 AM,17383.00,4705.00,51415.00
50112,9/8/2017 7:00:00 AM,17383.00,4705.00,51416.00
50112,9/8/2017 7:01:00 AM,17383.00,4704.00,51416.00
50112,9/8/2017 7:02:00 AM,17383.00,4704.00,51416.00
50112,9/8/2017 7:03:00 AM,17383.00,4704.00,51416.00
50112,9/8/2017 7:04:00 AM,17381.00,4703.00,51416.00
50112,9/8/2017 7:05:00 AM,17383.00,4703.00,51416.00
50112,9/8/2017 7:06:00 AM,17384.00,4698.00,51417.00
50112,9/8/2017 7:07:00 AM,17385.00,4693.00,51416.00
50112,9/8/2017 7:08:00 AM,17386.00,4691.00,51416.00
50112,9/8/2017 7:09:00 AM,17389.00,4690.00,51417.00
50112,9/8/2017 7:10:00 AM,17395.00,4690.00,51417.00
50112,9/8/2017 7:11:00 AM,17401.00,4688.00,51417.00
50112,9/8/2017 7:12:00 AM,17405.00,4686.00,51416.00
50112,9/8/2017 7:13:00 AM,17406.00,4689.00,51415.00
50112,9/8/2017 7:14:00 AM,17402.00,4693.00,51414.00
50112,9/8/2017 7:15:00 AM,17404.00,4697.00,51414.00
50112,9/8/2017 7:16:00 AM,17406.00,4698.00,51415.00
50112,9/8/2017 7:17:00 AM,17409.00,4699.00,51416.00
50112,9/8/2017 7:18:00 AM,17414.00,4699.00,51416.00
50112,9/8/2017 7:19:00 AM,17415.00,4700.00,51416.00
50112,9/8/2017 7:20:00 AM,17413.00,4701.00,51415.00
50112,9/8/2017 7:21:00 AM,17410.00,4703.00,51415.00
50112,9/8/2017 7:22:00 AM,17407.00,4706.00,51415.00
50112,9/8/2017 7:23:00 AM,17405.00,4709.00,51415.00
50112,9/8/2017 7:24:00 AM,17406.00,4713.00,51414.00
50112,9/8/2017 7:25:00 AM,17408.00,4716.00,51414.00
50112,9/8/2017 7:26:00 AM,17410.00,4717.00,51413.00
50112,9/8/2017 7:27:00 AM,17410.00,4718.00,51412.00
50112,9/8/2017 7:28:00 AM,17410.00,4717.00,51410.00
50112,9/8/2017 7:29:00 AM,17409.00,4718.00,51409.00
50112,9/8/2017 7:30:00 AM,17411.00,4718.00,51408.00
50112,9/8/2017 7:31:00 AM,17412.00,4718.00,51407.00
50112,9/8/2017 7:32:00 AM,17416.00,4717.00,51406.00
50112,9/8/2017 7:33:00 AM,17420.00,4715.00,51405.00
50112,9/8/2017 7:34:00 AM,17424.00,4711.00,51404.00
50112,9/8/2017 7:35:00 AM,17425.00,4706.00,51402.00
50112,9/8/2017 7:36:00 AM,17422.00,4703.00,51400.00
50112,9/8/2017 7:37:00 AM,17419.00,4703.00,51398.00
50112,9/8/2017 7:38:00 AM,17418.00,4702.00,51398.00
50112,9/8/2017 7:39:00 AM,17418.00,4700.00,51398.00
50112,9/8/2017 7:40:00 AM,17420.00,4697.00,51398.00
50112,9/8/2017 7:41:00 AM,17421.00,4694.00,51398.00
50112,9/8/2017 7:42:00 AM,17419.00,4692.00,51398.00
50112,9/8/2017 7:43:00 AM,17419.00,4690.00,51398.00
50112,9/8/2017 7:44:00 AM,17420.00,4689.00,51399.00
50112,9/8/2017 7:45:00 AM,17421.00,4687.00,51400.00
50112,9/8/2017 7:46:00 AM,17421.00,4685.00,51401.00
50112,9/8/2017 7:47:00 AM,17422.00,4682.00,51401.00
50112,9/8/2017 7:48:00 AM,17422.00,4680.00,51402.00
50112,9/8/2017 7:49:00 AM,17421.00,4678.00,51402.00
50112,9/8/2017 7:50:00 AM,17419.00,4677.00,51403.00
50112,9/8/2017 7:51:00 AM,17420.00,4677.00,51404.00
50112,9/8/2017 7:52:00 AM,17422.00,4676.00,51405.00
50112,9/8/2017 7:53:00 AM,17424.00,4676.00,51406.00
50112,9/8/2017 7:54:00 AM,17426.00,4675.00,51407.00
50112,9/8/2017 7:55:00 AM,17427.00,4674.00,51408.00
50112,9/8/2017 7:56:00 AM,17426.00,4675.00,51409.00
50112,9/8/2017 7:57:00 AM,17426.00,4676.00,51409.00
50112,9/8/2017 7:58:00 AM,17426.00,4678.00,51410.00
50112,9/8/2017 7:59:00 AM,17426.00,4679.00,51411.00
50112,9/8/2017 8:00:00 AM,17426.00,4679.00,51412.00
50112,9/8/2017 8:01:00 AM,17427.00,4680.00,51412.00
50112,9/8/2017 8:02:00 AM,17426.00,4681.00,51413.00
50112,9/8/2017 8:03:00 AM,17426.00,4680.00,51413.00
50112,9/8/2017 8:04:00 AM,17427.00,4677.00,51414.00
50112,9/8/2017 8:05:00 AM,17425.00,4676.00,51414.00
50112,9/8/2017 8:06:00 AM,17424.00,4676.00,51414.00
50112,9/8/2017 8:07:00 AM,17424.00,4675.00,51415.00
50112,9/8/2017 8:08:00 AM,17425.00,4674.00,51416.00
50112,9/8/2017 8:09:00 AM,17427.00,4673.00,51416.00
50112,9/8/2017 8:10:00 AM,17428.00,4672.00,51417.00
50112,9/8/2017 8:11:00 AM,17428.00,4671.00,51417.00
50112,9/8/2017 8:12:00 AM,17428.00,4669.00,51417.00
50112,9/8/2017 8:13:00 AM,17428.00,4668.00,51417.00
50112,9/8/2017 8:14:00 AM,17428.00,4669.00,51417.00
50112,9/8/2017 8:15:00 AM,17428.00,4669.00,51418.00
50112,9/8/2017 8:16:00 AM,17428.00,4669.00,51418.00
50112,9/8/2017 8:17:00 AM,17427.00,4669.00,51418.00
50112,9/8/2017 8:18:00 AM,17427.00,4669.00,51418.00
50112,9/8/2017 8:19:00 AM,17430.00,4669.00,51419.00
50112,9/8/2017 8:20:00 AM,17433.00,4667.00,51419.00
50112,9/8/2017 8:21:00 AM,17433.00,4663.00,51419.00
50112,9/8/2017 8:22:00 AM,17429.00,4660.00,51418.00
50112,9/8/2017 8:23:00 AM,17428.00,4660.00,51418.00
50112,9/8/2017 8:24:00 AM,17430.00,4660.00,51419.00
50112,9/8/2017 8:25:00 AM,17432.00,4660.00,51419.00
50112,9/8/2017 8:26:00 AM,17434.00,4659.00,51420.00
50112,9/8/2017 8:27:00 AM,17437.00,4658.00,51420.00
50112,9/8/2017 8:28:00 AM,17437.00,4657.00,51420.00
50112,9/8/2017 8:29:00 AM,17435.00,4657.00,51419.00
50112,9/8/2017 8:30:00 AM,17433.00,4657.00,51420.00
50112,9/8/2017 8:31:00 AM,17432.00,4656.00,51420.00
50112,9/8/2017 8:32:00 AM,17430.00,4653.00,51420.00
50112,9/8/2017 8:33:00 AM,17428.00,4653.00,51420.00
50112,9/8/2017 8:34:00 AM,17430.00,4656.00,51420.00
50112,9/8/2017 8:35:00 AM,17434.00,4657.00,51421.00
50112,9/8/2017 8:36:00 AM,17435.00,4657.00,51421.00
50112,9/8/2017 8:37:00 AM,17434.00,4658.00,51421.00
50112,9/8/2017 8:38:00 AM,17433.00,4659.00,51421.00
50112,9/8/2017 8:39:00 AM,17432.00,4660.00,51421.00
50112,9/8/2017 8:40:00 AM,17432.00,4662.00,51421.00
50112,9/8/2017 8:41:00 AM,17432.00,4662.00,51421.00
50112,9/8/2017 8:42:00 AM,17432.00,4663.00,51421.00
50112,9/8/2017 8:43:00 AM,17433.00,4663.00,51421.00
50112,9/8/2017 8:44:00 AM,17434.00,4664.00,51421.00
50112,9/8/2017 8:45:00 AM,17435.00,4665.00,51422.00
50112,9/8/2017 8:46:00 AM,17435.00,4665.00,51422.00
50112,9/8/2017 8:47:00 AM,17435.00,4665.00,51421.00
50112,9/8/2017 8:48:00 AM,17434.00,4666.00,51421.00
50112,9/8/2017 8:49:00 AM,17434.00,4668.00,51422.00
50112,9/8/2017 8:50:00 AM,17436.00,4668.00,51422.00
50112,9/8/2017 8:51:00 AM,17438.00,4668.00,51422.00
50112,9/8/2017 8:52:00 AM,17441.00,4668.00,51422.00
50112,9/8/2017 8:53:00 AM,17441.00,4668.00,51422.00
50112,9/8/2017 8:54:00 AM,17442.00,4668.00,51422.00
50112,9/8/2017 8:55:00 AM,17443.00,4669.00,51422.00
50112,9/8/2017 8:56:00 AM,17446.00,4669.00,51422.00
50112,9/8/2017 8:57:00 AM,17448.00,4668.00,51422.00
50112,9/8/2017 8:58:00 AM,17448.00,4667.00,51422.00
50112,9/8/2017 8:59:00 AM,17447.00,4666.00,51422.00
50112,9/8/2017 9:00:00 AM,17445.00,4666.00,51422.00
50112,9/8/2017 9:01:00 AM,17444.00,4667.00,51422.00
50112,9/8/2017 9:02:00 AM,17445.00,4667.00,51422.00
50112,9/8/2017 9:03:00 AM,17444.00,4666.00,51423.00
50112,9/8/2017 9:04:00 AM,17443.00,4666.00,51423.00
50112,9/8/2017 9:05:00 AM,17442.00,4666.00,51423.00
50112,9/8/2017 9:06:00 AM,17442.00,4667.00,51423.00
50112,9/8/2017 9:07:00 AM,17441.00,4667.00,51424.00
50112,9/8/2017 9:08:00 AM,17440.00,4667.00,51424.00
50112,9/8/2017 9:09:00 AM,17438.00,4668.00,51424.00
50112,9/8/2017 9:10:00 AM,17438.00,4668.00,51424.00
50112,9/8/2017 9:11:00 AM,17437.00,4669.00,51425.00
50112,9/8/2017 9:12:00 AM,17436.00,4669.00,51425.00
50112,9/8/2017 9:13:00 AM,17436.00,4670.00,51426.00
50112,9/8/2017 9:14:00 AM,17436.00,4670.00,51426.00
50112,9/8/2017 9:15:00 AM,17435.00,4671.00,51426.00
50112,9/8/2017 9:16:00 AM,17436.00,4672.00,51427.00
50112,9/8/2017 9:17:00 AM,17435.00,4672.00,51427.00
50112,9/8/2017 9:18:00 AM,17433.00,4674.00,51427.00
50112,9/8/2017 9:19:00 AM,17435.00,4675.00,51428.00
50112,9/8/2017 9:20:00 AM,17436.00,4674.00,51428.00
50112,9/8/2017 9:21:00 AM,17436.00,4674.00,51428.00
50112,9/8/2017 9:22:00 AM,17435.00,4675.00,51428.00
50112,9/8/2017 9:23:00 AM,17434.00,4676.00,51429.00
50112,9/8/2017 9:24:00 AM,17434.00,4676.00,51429.00
50112,9/8/2017 9:25:00 AM,17434.00,4677.00,51429.00
50112,9/8/2017 9:26:00 AM,17434.00,4677.00,51430.00
50112,9/8/2017 9:27:00 AM,17434.00,4678.00,51430.00
50112,9/8/2017 9:28:00 AM,17434.00,4678.00,51431.00
50112,9/8/2017 9:29:00 AM,17436.00,4678.00,51431.00
50112,9/8/2017 9:30:00 AM,17436.00,4678.00,51432.00
50112,9/8/2017 9:31:00 AM,17436.00,4680.00,51432.00
50112,9/8/2017 9:32:00 AM,17437.00,4680.00,51432.00
50112,9/8/2017 9:33:00 AM,17438.00,4680.00,51433.00
50112,9/8/2017 9:34:00 AM,17439.00,4679.00,51434.00
50112,9/8/2017 9:35:00 AM,17439.00,4679.00,51434.00
50112,9/8/2017 9:36:00 AM,17440.00,4679.00,51434.00
50112,9/8/2017 9:37:00 AM,17441.00,4679.00,51435.00
50112,9/8/2017 9:38:00 AM,17442.00,4679.00,51435.00
50112,9/8/2017 9:39:00 AM,17443.00,4679.00,51435.00
50112,9/8/2017 9:40:00 AM,17443.00,4679.00,51436.00
50112,9/8/2017 9:41:00 AM,17444.00,4679.00,51436.00
50112,9/8/2017 9:42:00 AM,17444.00,4679.00,51436.00
50112,9/8/2017 9:43:00 AM,17445.00,4679.00,51436.00
50112,9/8/2017 9:44:00 AM,17443.00,4678.00,51437.00
50112,9/8/2017 9:45:00 AM,17442.00,4678.00,51437.00
50112,9/8/2017 9:46:00 AM,17442.00,4680.00,51437.00
50112,9/8/2017 9:47:00 AM,17443.00,4681.00,51438.00
50112,9/8/2017 9:48:00 AM,17443.00,4681.00,51438.00
50112,9/8/2017 9:49:00 AM,17443.00,4681.00,51438.00
50112,9/8/2017 9:50:00 AM,17441.00,4681.00,51438.00
50112,9/8/2017 9:51:00 AM,17440.00,4682.00,51438.00
50112,9/8/2017 9:52:00 AM,17439.00,4682.00,51438.00
50112,9/8/2017 9:53:00 AM,17438.00,4682.00,51438.00
50112,9/8/2017 9:54:00 AM,17437.00,4683.00,51438.00
50112,9/8/2017 9:55:00 AM,17438.00,4683.00,51438.00
50112,9/8/2017 9:56:00 AM,17437.00,4684.00,51439.00
50112,9/8/2017 9:57:00 AM,17437.00,4686.00,51439.00
50112,9/8/2017 9:58:00 AM,17437.00,4687.00,51440.00
50112,9/8/2017 9:59:00 AM,17437.00,4687.00,51440.00
50112,9/8/2017 10:00:00 AM,17438.00,4688.00,51440.00
50112,9/8/2017 10:01:00 AM,17437.00,4688.00,51440.00
50112,9/8/2017 10:02:00 AM,17437.00,4688.00,51440.00
50112,9/8/2017 10:03:00 AM,17436.00,4689.00,51440.00
50112,9/8/2017 10:04:00 AM,17436.00,4689.00,51440.00
50112,9/8/2017 10:05:00 AM,17436.00,4689.00,51440.00
50112,9/8/2017 10:06:00 AM,17436.00,4690.00,51440.00
50112,9/8/2017 10:07:00 AM,17437.00,4690.00,51441.00
50112,9/8/2017 10:08:00 AM,17438.00,4690.00,51441.00
50112,9/8/2017 10:09:00 AM,17438.00,4690.00,51441.00
50112,9/8/2017 10:10:00 AM,17437.00,4691.00,51441.00
50112,9/8/2017 10:11:00 AM,17437.00,4692.00,51441.00
50112,9/8/2017 10:12:00 AM,17437.00,4693.00,51441.00
50112,9/8/2017 10:13:00 AM,17437.00,4693.00,51441.00
50112,9/8/2017 10:14:00 AM,17437.00,4692.00,51441.00
50112,9/8/2017 10:15:00 AM,17436.00,4693.00,51440.00
50112,9/8/2017 10:16:00 AM,17436.00,4693.00,51440.00
50112,9/8/2017 10:17:00 AM,17436.00,4693.00,51440.00
50112,9/8/2017 10:18:00 AM,17436.00,4694.00,51440.00
50112,9/8/2017 10:19:00 AM,17436.00,4694.00,51440.00
50112,9/8/2017 10:20:00 AM,17436.00,4695.00,51440.00
50112,9/8/2017 10:21:00 AM,17437.00,4695.00,51440.00
50112,9/8/2017 10:22:00 AM,17436.00,4696.00,51440.00
50112,9/8/2017 10:23:00 AM,17437.00,4696.00,51440.00
50112,9/8/2017 10:24:00 AM,17436.00,4696.00,51440.00
50112,9/8/2017 10:25:00 AM,17436.00,4696.00,51440.00
50112,9/8/2017 10:26:00 AM,17436.00,4696.00,51440.00
50112,9/8/2017 10:27:00 AM,17436.00,4697.00,51440.00
50112,9/8/2017 10:28:00 AM,17437.00,4697.00,51440.00
50112,9/8/2017 10:29:00 AM,17437.00,4696.00,51440.00
50112,9/8/2017 10:30:00 AM,17437.00,4696.00,51440.00
50112,9/8/2017 10:31:00 AM,17438.00,4696.00,51440.00
50112,9/8/2017 10:32:00 AM,17438.00,4696.00,51440.00
50112,9/8/2017 10:33:00 AM,17436.00,4696.00,51439.00
50112,9/8/2017 10:34:00 AM,17435.00,4696.00,51439.00
50112,9/8/2017 10:35:00 AM,17436.00,4697.00,51440.00
50112,9/8/2017 10:36:00 AM,17436.00,4696.00,51439.00
50112,9/8/2017 10:37:00 AM,17436.00,4697.00,51439.00
50112,9/8/2017 10:38:00 AM,17436.00,4697.00,51439.00
50112,9/8/2017 10:39:00 AM,17437.00,4698.00,51439.00
50112,9/8/2017 10:40:00 AM,17437.00,4698.00,51439.00
50112,9/8/2017 10:41:00 AM,17438.00,4699.00,51439.00
50112,9/8/2017 10:42:00 AM,17438.00,4699.00,51439.00
50112,9/8/2017 10:43:00 AM,17438.00,4699.00,51439.00
50112,9/8/2017 10:44:00 AM,17438.00,4700.00,51439.00
50112,9/8/2017 10:45:00 AM,17438.00,4699.00,51440.00
50112,9/8/2017 10:46:00 AM,17436.00,4699.00,51439.00
50112,9/8/2017 10:47:00 AM,17435.00,4700.00,51439.00
50112,9/8/2017 10:48:00 AM,17435.00,4701.00,51440.00
50112,9/8/2017 10:49:00 AM,17435.00,4702.00,51440.00
50112,9/8/2017 10:50:00 AM,17438.00,4701.00,51440.00
50112,9/8/2017 10:51:00 AM,17437.00,4700.00,51440.00
50112,9/8/2017 10:52:00 AM,17434.00,4700.00,51440.00
50112,9/8/2017 10:53:00 AM,17433.00,4702.00,51440.00
50112,9/8/2017 10:54:00 AM,17433.00,4702.00,51440.00
50112,9/8/2017 10:55:00 AM,17434.00,4703.00,51440.00
50112,9/8/2017 10:56:00 AM,17437.00,4703.00,51440.00
50112,9/8/2017 10:57:00 AM,17438.00,4702.00,51440.00
50112,9/8/2017 10:58:00 AM,17434.00,4701.00,51439.00
50112,9/8/2017 10:59:00 AM,17432.00,4704.00,51439.00
50112,9/8/2017 11:00:00 AM,17437.00,4705.00,51440.00
50112,9/8/2017 11:01:00 AM,17438.00,4702.00,51439.00
50112,9/8/2017 11:02:00 AM,17436.00,4702.00,51438.00
50112,9/8/2017 11:03:00 AM,17436.00,4702.00,51438.00
50112,9/8/2017 11:04:00 AM,17435.00,4703.00,51438.00
50112,9/8/2017 11:05:00 AM,17436.00,4704.00,51438.00
50112,9/8/2017 11:06:00 AM,17435.00,4703.00,51438.00
50112,9/8/2017 11:07:00 AM,17433.00,4704.00,51438.00
50112,9/8/2017 11:08:00 AM,17432.00,4708.00,51438.00
50112,9/8/2017 11:09:00 AM,17432.00,4708.00,51439.00
50112,9/8/2017 11:10:00 AM,17432.00,4705.00,51439.00
50112,9/8/2017 11:11:00 AM,17433.00,4702.00,51439.00
50112,9/8/2017 11:12:00 AM,17434.00,4700.00,51438.00
50112,9/8/2017 11:13:00 AM,17435.00,4698.00,51438.00
50112,9/8/2017 11:14:00 AM,17436.00,4696.00,51438.00
50112,9/8/2017 11:15:00 AM,17438.00,4695.00,51438.00
50112,9/8/2017 11:16:00 AM,17441.00,4695.00,51438.00
50112,9/8/2017 11:17:00 AM,17443.00,4694.00,51438.00
50112,9/8/2017 11:18:00 AM,17444.00,4692.00,51438.00
50112,9/8/2017 11:19:00 AM,17447.00,4691.00,51438.00
50112,9/8/2017 11:20:00 AM,17449.00,4689.00,51437.00
50112,9/8/2017 11:21:00 AM,17448.00,4689.00,51437.00
50112,9/8/2017 11:22:00 AM,17447.00,4691.00,51436.00
50112,9/8/2017 11:23:00 AM,17448.00,4690.00,51436.00
50112,9/8/2017 11:24:00 AM,17449.00,4687.00,51436.00
50112,9/8/2017 11:25:00 AM,17446.00,4684.00,51434.00
50112,9/8/2017 11:26:00 AM,17441.00,4682.00,51433.00
50112,9/8/2017 11:27:00 AM,17435.00,4681.00,51431.00
50112,9/8/2017 11:28:00 AM,17429.00,4679.00,51430.00
50112,9/8/2017 11:29:00 AM,17426.00,4681.00,51428.00
50112,9/8/2017 11:30:00 AM,17423.00,4683.00,51427.00
50112,9/8/2017 11:31:00 AM,17420.00,4681.00,51426.00
50112,9/8/2017 11:32:00 AM,17416.00,4679.00,51424.00
50112,9/8/2017 11:33:00 AM,17416.00,4683.00,51422.00
50112,9/8/2017 11:34:00 AM,17420.00,4683.00,51422.00
50112,9/8/2017 11:35:00 AM,17420.00,4684.00,51421.00
50112,9/8/2017 11:36:00 AM,17422.00,4687.00,51421.00
50112,9/8/2017 11:37:00 AM,17426.00,4689.00,51421.00
50112,9/8/2017 11:38:00 AM,17430.00,4688.00,51421.00
50112,9/8/2017 11:39:00 AM,17430.00,4685.00,51421.00
50112,9/8/2017 11:40:00 AM,17432.00,4687.00,51421.00
50112,9/8/2017 11:41:00 AM,17434.00,4688.00,51421.00
50112,9/8/2017 11:42:00 AM,17434.00,4691.00,51422.00
50112,9/8/2017 11:43:00 AM,17435.00,4695.00,51422.00
50112,9/8/2017 11:44:00 AM,17434.00,4698.00,51423.00
50112,9/8/2017 11:45:00 AM,17430.00,4699.00,51424.00
50112,9/8/2017 11:46:00 AM,17431.00,4700.00,51424.00
50112,9/8/2017 11:47:00 AM,17438.00,4700.00,51425.00
50112,9/8/2017 11:48:00 AM,17446.00,4690.00,51424.00
50112,9/8/2017 11:49:00 AM,17441.00,4677.00,51420.00
50112,9/8/2017 11:50:00 AM,17426.00,4669.00,51415.00
50112,9/8/2017 11:51:00 AM,17411.00,4671.00,51412.00
50112,9/8/2017 11:52:00 AM,17412.00,4676.00,51410.00
50112,9/8/2017 11:53:00 AM,17410.00,4673.00,51408.00
50112,9/8/2017 11:54:00 AM,17406.00,4669.00,51404.00
50112,9/8/2017 11:55:00 AM,17401.00,4668.00,51399.00
50112,9/8/2017 11:56:00 AM,17398.00,4668.00,51394.00
50112,9/8/2017 11:57:00 AM,17395.00,4667.00,51388.00
50112,9/8/2017 11:58:00 AM,17391.00,4666.00,51381.00
50112,9/8/2017 11:59:00 AM,17383.00,4665.00,51373.00
50112,9/8/2017 12:00:00 PM,17377.00,4671.00,51366.00
50112,9/8/2017 12:01:00 PM,17373.00,4679.00,51359.00
50112,9/8/2017 12:02:00 PM,17372.00,4687.00,51353.00
50112,9/8/2017 12:03:00 PM,17372.00,4698.00,51346.00
50112,9/8/2017 12:04:00 PM,17371.00,4708.00,51337.00
50112,9/8/2017 12:05:00 PM,17366.00,4718.00,51327.00
50112,9/8/2017 12:06:00 PM,17365.00,4726.00,51318.00
50112,9/8/2017 12:07:00 PM,17366.00,4737.00,51310.00
50112,9/8/2017 12:08:00 PM,17366.00,4743.00,51302.00
50112,9/8/2017 12:09:00 PM,17364.00,4746.00,51294.00
50112,9/8/2017 12:10:00 PM,17358.00,4749.00,51285.00
50112,9/8/2017 12:11:00 PM,17357.00,4751.00,51278.00
50112,9/8/2017 12:12:00 PM,17347.00,4753.00,51268.00
50112,9/8/2017 12:14:00 PM,17302.00,4756.00,51238.00
50112,9/8/2017 12:15:00 PM,17275.00,4754.00,51225.00
50112,9/8/2017 12:16:00 PM,17244.00,4751.00,51211.00
50112,9/8/2017 12:17:00 PM,17223.00,4753.00,51200.00
50112,9/8/2017 12:18:00 PM,17217.00,4758.00,51192.00
50112,9/8/2017 12:19:00 PM,17199.00,4754.00,51184.00
50112,9/8/2017 12:20:00 PM,17216.00,4764.00,51184.00
50112,9/8/2017 12:21:00 PM,17241.00,4768.00,51197.00
50112,9/8/2017 12:22:00 PM,17268.00,4766.00,51205.00
50112,9/8/2017 12:23:00 PM,17275.00,4770.00,51207.00
50112,9/8/2017 12:24:00 PM,17289.00,4781.00,51210.00
50112,9/8/2017 12:25:00 PM,17301.00,4789.00,51216.00
50112,9/8/2017 12:26:00 PM,17318.00,4805.00,51222.00
50112,9/8/2017 12:27:00 PM,17328.00,4819.00,51229.00
50112,9/8/2017 12:28:00 PM,17323.00,4833.00,51231.00
50112,9/8/2017 12:29:00 PM,17317.00,4842.00,51227.00
50112,9/8/2017 12:30:00 PM,17298.00,4840.00,51221.00
50112,9/8/2017 12:31:00 PM,17289.00,4837.00,51214.00
50112,9/8/2017 12:32:00 PM,17280.00,4840.00,51206.00
50112,9/8/2017 12:33:00 PM,17270.00,4837.00,51194.00
50112,9/8/2017 12:34:00 PM,17272.00,4838.00,51186.00
50112,9/8/2017 12:35:00 PM,17310.00,4838.00,51186.00
50112,9/8/2017 12:36:00 PM,17339.00,4833.00,51194.00
50112,9/8/2017 12:37:00 PM,17356.00,4822.00,51194.00
50112,9/8/2017 12:38:00 PM,17354.00,4811.00,51193.00
50112,9/8/2017 12:39:00 PM,17345.00,4799.00,51188.00
50112,9/8/2017 12:40:00 PM,17342.00,4784.00,51186.00
50112,9/8/2017 12:41:00 PM,17341.00,4776.00,51188.00
50112,9/8/2017 12:42:00 PM,17336.00,4768.00,51187.00
50112,9/8/2017 12:43:00 PM,17338.00,4756.00,51184.00
50112,9/8/2017 12:44:00 PM,17342.00,4750.00,51184.00
50112,9/8/2017 12:45:00 PM,17362.00,4752.00,51188.00
50112,9/8/2017 12:46:00 PM,17378.00,4747.00,51193.00
50112,9/8/2017 12:47:00 PM,17392.00,4744.00,51199.00
50112,9/8/2017 12:48:00 PM,17423.00,4742.00,51201.00
50112,9/8/2017 12:49:00 PM,17419.00,4739.00,51200.00
50112,9/8/2017 12:50:00 PM,17410.00,4737.00,51198.00
50112,9/8/2017 12:51:00 PM,17408.00,4744.00,51198.00
50112,9/8/2017 12:52:00 PM,17413.00,4751.00,51198.00
50112,9/8/2017 12:53:00 PM,17429.00,4756.00,51204.00
50112,9/8/2017 12:54:00 PM,17442.00,4757.00,51207.00
50112,9/8/2017 12:55:00 PM,17441.00,4756.00,51203.00
50112,9/8/2017 12:56:00 PM,17437.00,4750.00,51200.00
50112,9/8/2017 12:57:00 PM,17435.00,4738.00,51195.00
50112,9/8/2017 12:58:00 PM,17433.00,4726.00,51188.00
50112,9/8/2017 12:59:00 PM,17428.00,4716.00,51184.00
50112,9/8/2017 1:00:00 PM,17423.00,4705.00,51180.00
50112,9/8/2017 1:01:00 PM,17422.00,4695.00,51177.00
50112,9/8/2017 1:02:00 PM,17423.00,4691.00,51177.00
50112,9/8/2017 1:03:00 PM,17430.00,4688.00,51178.00
50112,9/8/2017 1:04:00 PM,17429.00,4680.00,51178.00
50112,9/8/2017 1:05:00 PM,17416.00,4666.00,51174.00
50112,9/8/2017 1:06:00 PM,17399.00,4652.00,51167.00
50112,9/8/2017 1:07:00 PM,17388.00,4641.00,51162.00
50112,9/8/2017 1:08:00 PM,17387.00,4633.00,51161.00
50112,9/8/2017 1:09:00 PM,17395.00,4629.00,51163.00
50112,9/8/2017 1:10:00 PM,17403.00,4621.00,51164.00
50112,9/8/2017 1:11:00 PM,17416.00,4608.00,51164.00
50112,9/8/2017 1:12:00 PM,17424.00,4586.00,51161.00
50112,9/8/2017 1:13:00 PM,17433.00,4570.00,51156.00
50112,9/8/2017 1:14:00 PM,17436.00,4558.00,51154.00
50112,9/8/2017 1:15:00 PM,17435.00,4546.00,51149.00
50112,9/8/2017 1:16:00 PM,17429.00,4532.00,51142.00
50112,9/8/2017 1:17:00 PM,17420.00,4528.00,51136.00
50112,9/8/2017 1:18:00 PM,17415.00,4526.00,51134.00
50112,9/8/2017 1:19:00 PM,17406.00,4523.00,51132.00
50112,9/8/2017 1:20:00 PM,17396.00,4522.00,51128.00
50112,9/8/2017 1:21:00 PM,17389.00,4522.00,51124.00
50112,9/8/2017 1:22:00 PM,17378.00,4523.00,51120.00
50112,9/8/2017 1:23:00 PM,17365.00,4527.00,51116.00
50112,9/8/2017 1:24:00 PM,17359.00,4530.00,51114.00
50112,9/8/2017 1:25:00 PM,17359.00,4529.00,51113.00
50112,9/8/2017 1:26:00 PM,17368.00,4524.00,51116.00
50112,9/8/2017 1:27:00 PM,17380.00,4520.00,51117.00
50112,9/8/2017 1:28:00 PM,17386.00,4521.00,51117.00
50112,9/8/2017 1:29:00 PM,17384.00,4524.00,51119.00
50112,9/8/2017 1:30:00 PM,17382.00,4544.00,51126.00
50112,9/8/2017 1:31:00 PM,17376.00,4563.00,51137.00
50112,9/8/2017 1:32:00 PM,17370.00,4583.00,51147.00
50112,9/8/2017 1:33:00 PM,17369.00,4604.00,51159.00
50112,9/8/2017 1:34:00 PM,17373.00,4616.00,51172.00
50112,9/8/2017 1:35:00 PM,17371.00,4629.00,51182.00
50112,9/8/2017 1:36:00 PM,17371.00,4637.00,51188.00
50112,9/8/2017 1:37:00 PM,17373.00,4642.00,51191.00
50112,9/8/2017 1:38:00 PM,17362.00,4645.00,51189.00
50112,9/8/2017 1:39:00 PM,17363.00,4654.00,51185.00
50112,9/8/2017 1:40:00 PM,17370.00,4658.00,51183.00
50112,9/8/2017 1:41:00 PM,17368.00,4661.00,51177.00
50112,9/8/2017 1:42:00 PM,17365.00,4661.00,51172.00
50112,9/8/2017 1:43:00 PM,17357.00,4649.00,51164.00
50112,9/8/2017 1:44:00 PM,17342.00,4636.00,51154.00
50112,9/8/2017 1:45:00 PM,17334.00,4633.00,51149.00
50112,9/8/2017 1:46:00 PM,17333.00,4629.00,51143.00
50112,9/8/2017 1:47:00 PM,17343.00,4623.00,51140.00
50112,9/8/2017 1:48:00 PM,17341.00,4614.00,51136.00
50112,9/8/2017 1:49:00 PM,17322.00,4600.00,51126.00
50112,9/8/2017 1:50:00 PM,17300.00,4594.00,51120.00
50112,9/8/2017 1:51:00 PM,17285.00,4590.00,51117.00
50112,9/8/2017 1:52:00 PM,17265.00,4587.00,51113.00
50112,9/8/2017 1:53:00 PM,17245.00,4586.00,51108.00
50112,9/8/2017 1:54:00 PM,17223.00,4578.00,51100.00
50112,9/8/2017 1:55:00 PM,17208.00,4577.00,51092.00
50112,9/8/2017 1:56:00 PM,17210.00,4579.00,51092.00
50112,9/8/2017 1:57:00 PM,17201.00,4587.00,51091.00
50112,9/8/2017 1:58:00 PM,17183.00,4592.00,51085.00
50112,9/8/2017 1:59:00 PM,17152.00,4610.00,51076.00
50112,9/8/2017 2:00:00 PM,17120.00,4629.00,51065.00
50112,9/8/2017 2:02:00 PM,16982.00,4658.00,51012.00
50112,9/8/2017 2:03:00 PM,16891.00,4656.00,50967.00
50112,9/8/2017 2:04:00 PM,16818.00,4651.00,50917.00
50112,9/8/2017 2:05:00 PM,16832.00,4629.00,50892.00
50112,9/8/2017 2:06:00 PM,16777.00,4566.00,50859.00
50112,9/8/2017 2:07:00 PM,16793.00,4522.00,50833.00
50112,9/8/2017 2:08:00 PM,16855.00,4492.00,50822.00
50112,9/8/2017 2:09:00 PM,16915.00,4477.00,50834.00
50112,9/8/2017 2:10:00 PM,17040.00,4472.00,50876.00
50112,9/8/2017 2:11:00 PM,17109.00,4452.00,50913.00
50112,9/8/2017 2:12:00 PM,17108.00,4437.00,50922.00
50112,9/8/2017 2:13:00 PM,17096.00,4430.00,50924.00
50112,9/8/2017 2:14:00 PM,17054.00,4415.00,50919.00
50112,9/8/2017 2:15:00 PM,17054.00,4386.00,50912.00
50112,9/8/2017 2:16:00 PM,17064.00,4402.00,50918.00
50112,9/8/2017 2:17:00 PM,17099.00,4409.00,50925.00
50112,9/8/2017 2:18:00 PM,17095.00,4432.00,50930.00
50112,9/8/2017 2:19:00 PM,17094.00,4462.00,50941.00
50112,9/8/2017 2:20:00 PM,17138.00,4443.00,50959.00
50112,9/8/2017 2:21:00 PM,17198.00,4412.00,50978.00
50112,9/8/2017 2:22:00 PM,17209.00,4387.00,50990.00
50112,9/8/2017 2:23:00 PM,17197.00,4379.00,50998.00
50112,9/8/2017 2:24:00 PM,17175.00,4379.00,51013.00
50112,9/8/2017 2:25:00 PM,17203.00,4378.00,51028.00
50112,9/8/2017 2:26:00 PM,17193.00,4400.00,51037.00
50112,9/8/2017 2:27:00 PM,17226.00,4392.00,51049.00
50112,9/8/2017 2:28:00 PM,17258.00,4402.00,51065.00
50112,9/8/2017 2:29:00 PM,17251.00,4393.00,51072.00
50112,9/8/2017 2:30:00 PM,17234.00,4398.00,51087.00
50112,9/8/2017 2:31:00 PM,17239.00,4411.00,51093.00
50112,9/8/2017 2:32:00 PM,17271.00,4422.00,51100.00
50112,9/8/2017 2:33:00 PM,17272.00,4425.00,51109.00
50112,9/8/2017 2:34:00 PM,17264.00,4423.00,51109.00
50112,9/8/2017 2:35:00 PM,17279.00,4437.00,51107.00
50112,9/8/2017 2:36:00 PM,17297.00,4448.00,51110.00
50112,9/8/2017 2:37:00 PM,17310.00,4454.00,51106.00
50112,9/8/2017 2:38:00 PM,17298.00,4458.00,51104.00
50112,9/8/2017 2:39:00 PM,17300.00,4469.00,51104.00
50112,9/8/2017 2:40:00 PM,17279.00,4519.00,51107.00
50112,9/8/2017 2:41:00 PM,17283.00,4515.00,51091.00
50112,9/8/2017 2:42:00 PM,17271.00,4493.00,51081.00
50112,9/8/2017 2:43:00 PM,17256.00,4492.00,51074.00
50112,9/8/2017 2:44:00 PM,17272.00,4504.00,51083.00
50112,9/8/2017 2:45:00 PM,17271.00,4520.00,51097.00
50112,9/8/2017 2:46:00 PM,17276.00,4526.00,51110.00
50112,9/8/2017 2:47:00 PM,17271.00,4532.00,51126.00
50112,9/8/2017 2:48:00 PM,17280.00,4535.00,51136.00
50112,9/8/2017 2:49:00 PM,17268.00,4526.00,51138.00
50112,9/8/2017 2:50:00 PM,17249.00,4501.00,51134.00
50112,9/8/2017 2:51:00 PM,17248.00,4492.00,51134.00
50112,9/8/2017 2:52:00 PM,17259.00,4489.00,51140.00
50112,9/8/2017 2:53:00 PM,17260.00,4504.00,51145.00
50112,9/8/2017 2:54:00 PM,17272.00,4521.00,51151.00
50112,9/8/2017 2:55:00 PM,17303.00,4534.00,51160.00
50112,9/8/2017 2:56:00 PM,17329.00,4530.00,51164.00
50112,9/8/2017 2:57:00 PM,17336.00,4536.00,51166.00
50112,9/8/2017 2:58:00 PM,17342.00,4536.00,51168.00
50112,9/8/2017 2:59:00 PM,17350.00,4554.00,51173.00
50112,9/8/2017 3:00:00 PM,17368.00,4566.00,51184.00
50112,9/8/2017 3:01:00 PM,17385.00,4567.00,51193.00
50112,9/8/2017 3:02:00 PM,17390.00,4570.00,51199.00
50112,9/8/2017 3:03:00 PM,17405.00,4572.00,51209.00
50112,9/8/2017 3:04:00 PM,17405.00,4571.00,51215.00
50112,9/8/2017 3:05:00 PM,17396.00,4580.00,51215.00
50112,9/8/2017 3:06:00 PM,17411.00,4594.00,51222.00
50112,9/8/2017 3:07:00 PM,17428.00,4584.00,51230.00
50112,9/8/2017 3:08:00 PM,17402.00,4574.00,51230.00
50112,9/8/2017 3:09:00 PM,17396.00,4574.00,51230.00
50112,9/8/2017 3:10:00 PM,17393.00,4584.00,51235.00
50112,9/8/2017 3:11:00 PM,17397.00,4595.00,51245.00
50112,9/8/2017 3:12:00 PM,17391.00,4603.00,51251.00
50112,9/8/2017 3:13:00 PM,17418.00,4623.00,51256.00
50112,9/8/2017 3:14:00 PM,17409.00,4617.00,51257.00
50112,9/8/2017 3:15:00 PM,17409.00,4624.00,51264.00
50112,9/8/2017 3:16:00 PM,17412.00,4627.00,51268.00
50112,9/8/2017 3:17:00 PM,17418.00,4634.00,51273.00
50112,9/8/2017 3:18:00 PM,17427.00,4638.00,51279.00
50112,9/8/2017 3:19:00 PM,17432.00,4648.00,51281.00
50112,9/8/2017 3:20:00 PM,17433.00,4630.00,51285.00
50112,9/8/2017 3:21:00 PM,17393.00,4621.00,51285.00
50112,9/8/2017 3:22:00 PM,17410.00,4648.00,51287.00
50112,9/8/2017 3:23:00 PM,17390.00,4614.00,51292.00
50112,9/8/2017 3:24:00 PM,17371.00,4642.00,51294.00
50112,9/8/2017 3:25:00 PM,17364.00,4645.00,51299.00
50112,9/8/2017 3:26:00 PM,17385.00,4674.00,51299.00
50112,9/8/2017 3:27:00 PM,17358.00,4658.00,51299.00
50112,9/8/2017 3:28:00 PM,17362.00,4670.00,51302.00
50112,9/8/2017 3:29:00 PM,17366.00,4673.00,51307.00
50112,9/8/2017 3:30:00 PM,17395.00,4683.00,51312.00
50112,9/8/2017 3:31:00 PM,17380.00,4687.00,51317.00
50112,9/8/2017 3:32:00 PM,17403.00,4694.00,51320.00
50112,9/8/2017 3:33:00 PM,17405.00,4681.00,51317.00
50112,9/8/2017 3:34:00 PM,17390.00,4694.00,51318.00
50112,9/8/2017 3:35:00 PM,17393.00,4680.00,51327.00
50112,9/8/2017 3:36:00 PM,17395.00,4654.00,51324.00
50112,9/8/2017 3:37:00 PM,17384.00,4662.00,51325.00
50112,9/8/2017 3:38:00 PM,17357.00,4684.00,51326.00
50112,9/8/2017 3:39:00 PM,17348.00,4671.00,51328.00
50112,9/8/2017 3:40:00 PM,17341.00,4652.00,51324.00
50112,9/8/2017 3:41:00 PM,17347.00,4664.00,51326.00
50112,9/8/2017 3:42:00 PM,17347.00,4687.00,51330.00
50112,9/8/2017 3:43:00 PM,17336.00,4683.00,51337.00
50112,9/8/2017 3:44:00 PM,17328.00,4662.00,51339.00
50112,9/8/2017 3:45:00 PM,17308.00,4645.00,51337.00
50112,9/8/2017 3:46:00 PM,17294.00,4659.00,51337.00
50112,9/8/2017 3:47:00 PM,17289.00,4680.00,51339.00
50112,9/8/2017 3:48:00 PM,17298.00,4683.00,51343.00
50112,9/8/2017 3:49:00 PM,17300.00,4671.00,51344.00
50112,9/8/2017 3:50:00 PM,17287.00,4668.00,51344.00
50112,9/8/2017 3:51:00 PM,17278.00,4664.00,51345.00
50112,9/8/2017 3:52:00 PM,17277.00,4666.00,51347.00
50112,9/8/2017 3:53:00 PM,17283.00,4672.00,51349.00
50112,9/8/2017 3:54:00 PM,17288.00,4675.00,51353.00
50112,9/8/2017 3:55:00 PM,17293.00,4676.00,51355.00
50112,9/8/2017 3:56:00 PM,17292.00,4676.00,51356.00
50112,9/8/2017 3:57:00 PM,17293.00,4679.00,51356.00
50112,9/8/2017 3:58:00 PM,17299.00,4676.00,51357.00
50112,9/8/2017 3:59:00 PM,17300.00,4672.00,51356.00
50112,9/8/2017 4:00:00 PM,17303.00,4665.00,51356.00
50112,9/8/2017 4:01:00 PM,17302.00,4658.00,51356.00
50112,9/8/2017 4:02:00 PM,17302.00,4663.00,51356.00
50112,9/8/2017 4:03:00 PM,17304.00,4658.00,51356.00
50112,9/8/2017 4:04:00 PM,17299.00,4650.00,51355.00
50112,9/8/2017 4:05:00 PM,17292.00,4654.00,51355.00
50112,9/8/2017 4:06:00 PM,17289.00,4656.00,51356.00
50112,9/8/2017 4:07:00 PM,17288.00,4658.00,51357.00
50112,9/8/2017 4:08:00 PM,17294.00,4658.00,51358.00
50112,9/8/2017 4:09:00 PM,17286.00,4661.00,51360.00
50112,9/8/2017 4:10:00 PM,17284.00,4668.00,51362.00
50112,9/8/2017 4:11:00 PM,17288.00,4666.00,51365.00
50112,9/8/2017 4:12:00 PM,17286.00,4667.00,51368.00
50112,9/8/2017 4:13:00 PM,17287.00,4671.00,51371.00
50112,9/8/2017 4:14:00 PM,17286.00,4678.00,51373.00
50112,9/8/2017 4:15:00 PM,17289.00,4678.00,51375.00
50112,9/8/2017 4:16:00 PM,17289.00,4682.00,51377.00
50112,9/8/2017 4:17:00 PM,17285.00,4700.00,51383.00
50112,9/8/2017 4:18:00 PM,17302.00,4709.00,51383.00
50112,9/8/2017 4:19:00 PM,17306.00,4685.00,51375.00
50112,9/8/2017 4:20:00 PM,17291.00,4660.00,51365.00
50112,9/8/2017 4:21:00 PM,17279.00,4658.00,51362.00
50112,9/8/2017 4:22:00 PM,17281.00,4660.00,51365.00
50112,9/8/2017 4:23:00 PM,17277.00,4672.00,51365.00
50112,9/8/2017 4:24:00 PM,17282.00,4676.00,51362.00
50112,9/8/2017 4:25:00 PM,17287.00,4677.00,51365.00
50112,9/8/2017 4:26:00 PM,17307.00,4686.00,51372.00
50112,9/8/2017 4:27:00 PM,17332.00,4692.00,51368.00
50112,9/8/2017 4:28:00 PM,17338.00,4675.00,51361.00
50112,9/8/2017 4:29:00 PM,17345.00,4668.00,51365.00
50112,9/8/2017 4:30:00 PM,17336.00,4674.00,51369.00
50112,9/8/2017 4:31:00 PM,17343.00,4673.00,51365.00
50112,9/8/2017 4:32:00 PM,17338.00,4668.00,51369.00
50112,9/8/2017 4:33:00 PM,17337.00,4684.00,51378.00
50112,9/8/2017 4:34:00 PM,17340.00,4695.00,51378.00
50112,9/8/2017 4:35:00 PM,17333.00,4689.00,51372.00
50112,9/8/2017 4:36:00 PM,17328.00,4681.00,51370.00
50112,9/8/2017 4:37:00 PM,17322.00,4678.00,51371.00
50112,9/8/2017 4:38:00 PM,17326.00,4688.00,51372.00
50112,9/8/2017 4:39:00 PM,17327.00,4684.00,51370.00
50112,9/8/2017 4:40:00 PM,17326.00,4680.00,51370.00
50112,9/8/2017 4:41:00 PM,17320.00,4676.00,51366.00
50112,9/8/2017 4:42:00 PM,17316.00,4665.00,51362.00
50112,9/8/2017 4:43:00 PM,17314.00,4663.00,51364.00
50112,9/8/2017 4:44:00 PM,17311.00,4655.00,51363.00
50112,9/8/2017 4:45:00 PM,17313.00,4646.00,51363.00
50112,9/8/2017 4:46:00 PM,17306.00,4644.00,51361.00
50112,9/8/2017 4:47:00 PM,17301.00,4648.00,51360.00
50112,9/8/2017 4:48:00 PM,17299.00,4653.00,51360.00
50112,9/8/2017 4:49:00 PM,17305.00,4650.00,51358.00
50112,9/8/2017 4:50:00 PM,17298.00,4642.00,51356.00
50112,9/8/2017 4:51:00 PM,17297.00,4641.00,51355.00
50112,9/8/2017 4:52:00 PM,17285.00,4639.00,51354.00
50112,9/8/2017 4:53:00 PM,17274.00,4649.00,51356.00
50112,9/8/2017 4:54:00 PM,17282.00,4655.00,51358.00
50112,9/8/2017 4:55:00 PM,17281.00,4651.00,51360.00
50112,9/8/2017 4:56:00 PM,17278.00,4649.00,51359.00
50112,9/8/2017 4:57:00 PM,17273.00,4647.00,51360.00
50112,9/8/2017 4:58:00 PM,17268.00,4649.00,51360.00
50112,9/8/2017 4:59:00 PM,17263.00,4657.00,51362.00
50112,9/8/2017 5:00:00 PM,17263.00,4668.00,51363.00
50112,9/8/2017 5:01:00 PM,17266.00,4664.00,51364.00
50112,9/8/2017 5:02:00 PM,17264.00,4657.00,51364.00
50112,9/8/2017 5:03:00 PM,17257.00,4663.00,51364.00
50112,9/8/2017 5:04:00 PM,17258.00,4663.00,51364.00
50112,9/8/2017 5:05:00 PM,17254.00,4656.00,51364.00
50112,9/8/2017 5:06:00 PM,17262.00,4656.00,51364.00
50112,9/8/2017 5:07:00 PM,17267.00,4651.00,51363.00
50112,9/8/2017 5:08:00 PM,17277.00,4654.00,51362.00
50112,9/8/2017 5:09:00 PM,17284.00,4645.00,51361.00
50112,9/8/2017 5:10:00 PM,17291.00,4640.00,51360.00
50112,9/8/2017 5:11:00 PM,17294.00,4631.00,51355.00
50112,9/8/2017 5:12:00 PM,17296.00,4629.00,51353.00
50112,9/8/2017 5:13:00 PM,17298.00,4626.00,51353.00
50112,9/8/2017 5:14:00 PM,17301.00,4622.00,51352.00
50112,9/8/2017 5:15:00 PM,17305.00,4617.00,51352.00
50112,9/8/2017 5:16:00 PM,17305.00,4627.00,51351.00
50112,9/8/2017 5:17:00 PM,17315.00,4628.00,51353.00
50112,9/8/2017 5:18:00 PM,17324.00,4619.00,51352.00
50112,9/8/2017 5:19:00 PM,17329.00,4612.00,51351.00
50112,9/8/2017 5:20:00 PM,17326.00,4613.00,51352.00
50112,9/8/2017 5:21:00 PM,17324.00,4616.00,51353.00
50112,9/8/2017 5:22:00 PM,17324.00,4621.00,51355.00
50112,9/8/2017 5:23:00 PM,17329.00,4635.00,51357.00
50112,9/8/2017 5:24:00 PM,17338.00,4637.00,51356.00
50112,9/8/2017 5:25:00 PM,17343.00,4640.00,51359.00
50112,9/8/2017 5:26:00 PM,17347.00,4642.00,51362.00
50112,9/8/2017 5:27:00 PM,17343.00,4646.00,51359.00
50112,9/8/2017 5:28:00 PM,17344.00,4641.00,51356.00
50112,9/8/2017 5:29:00 PM,17343.00,4637.00,51353.00
50112,9/8/2017 5:30:00 PM,17344.00,4630.00,51351.00
50112,9/8/2017 5:31:00 PM,17350.00,4632.00,51350.00
50112,9/8/2017 5:32:00 PM,17353.00,4624.00,51352.00
50112,9/8/2017 5:33:00 PM,17354.00,4626.00,51353.00
50112,9/8/2017 5:34:00 PM,17356.00,4626.00,51355.00
50112,9/8/2017 5:35:00 PM,17355.00,4628.00,51358.00
50112,9/8/2017 5:36:00 PM,17351.00,4636.00,51361.00
50112,9/8/2017 5:37:00 PM,17353.00,4641.00,51363.00
50112,9/8/2017 5:38:00 PM,17360.00,4636.00,51363.00
50112,9/8/2017 5:39:00 PM,17357.00,4632.00,51362.00
50112,9/8/2017 5:40:00 PM,17355.00,4634.00,51364.00
50112,9/8/2017 5:41:00 PM,17352.00,4631.00,51365.00
50112,9/8/2017 5:42:00 PM,17349.00,4629.00,51368.00
50112,9/8/2017 5:43:00 PM,17348.00,4632.00,51371.00
50112,9/8/2017 5:44:00 PM,17347.00,4636.00,51371.00
50112,9/8/2017 5:45:00 PM,17346.00,4634.00,51372.00
50112,9/8/2017 5:46:00 PM,17347.00,4631.00,51372.00
50112,9/8/2017 5:47:00 PM,17344.00,4631.00,51374.00
50112,9/8/2017 5:48:00 PM,17349.00,4632.00,51375.00
50112,9/8/2017 5:49:00 PM,17349.00,4630.00,51373.00
50112,9/8/2017 5:50:00 PM,17352.00,4627.00,51374.00
50112,9/8/2017 5:51:00 PM,17351.00,4631.00,51376.00
50112,9/8/2017 5:52:00 PM,17348.00,4635.00,51376.00
50112,9/8/2017 5:53:00 PM,17348.00,4640.00,51376.00
50112,9/8/2017 5:54:00 PM,17352.00,4644.00,51376.00
50112,9/8/2017 5:55:00 PM,17353.00,4646.00,51378.00
50112,9/8/2017 5:56:00 PM,17348.00,4655.00,51377.00
50112,9/8/2017 5:57:00 PM,17343.00,4661.00,51379.00
50112,9/8/2017 5:58:00 PM,17340.00,4670.00,51382.00
50112,9/8/2017 5:59:00 PM,17344.00,4670.00,51380.00
50112,9/8/2017 6:00:00 PM,17341.00,4672.00,51380.00
50112,9/8/2017 6:01:00 PM,17340.00,4673.00,51378.00
50112,9/8/2017 6:02:00 PM,17334.00,4671.00,51378.00
50112,9/8/2017 6:03:00 PM,17330.00,4673.00,51379.00
50112,9/8/2017 6:04:00 PM,17325.00,4672.00,51380.00
50112,9/8/2017 6:05:00 PM,17324.00,4674.00,51384.00
50112,9/8/2017 6:06:00 PM,17328.00,4678.00,51386.00
50112,9/8/2017 6:07:00 PM,17336.00,4678.00,51390.00
50112,9/8/2017 6:08:00 PM,17349.00,4678.00,51395.00
50112,9/8/2017 6:09:00 PM,17358.00,4672.00,51395.00
50112,9/8/2017 6:10:00 PM,17354.00,4663.00,51395.00
50112,9/8/2017 6:11:00 PM,17350.00,4657.00,51395.00
50112,9/8/2017 6:12:00 PM,17347.00,4650.00,51394.00
50112,9/8/2017 6:13:00 PM,17345.00,4645.00,51395.00
50112,9/8/2017 6:14:00 PM,17343.00,4644.00,51396.00
50112,9/8/2017 6:15:00 PM,17341.00,4648.00,51400.00
50112,9/8/2017 6:16:00 PM,17346.00,4657.00,51405.00
50112,9/8/2017 6:17:00 PM,17349.00,4667.00,51408.00
50112,9/8/2017 6:18:00 PM,17345.00,4663.00,51408.00
50112,9/8/2017 6:19:00 PM,17347.00,4662.00,51413.00
50112,9/8/2017 6:20:00 PM,17351.00,4657.00,51415.00
50112,9/8/2017 6:21:00 PM,17357.00,4650.00,51414.00
50112,9/8/2017 6:22:00 PM,17360.00,4642.00,51413.00
50112,9/8/2017 6:23:00 PM,17362.00,4636.00,51411.00
50112,9/8/2017 6:24:00 PM,17363.00,4630.00,51412.00
50112,9/8/2017 6:25:00 PM,17360.00,4631.00,51413.00
50112,9/8/2017 6:26:00 PM,17361.00,4636.00,51414.00
50112,9/8/2017 6:27:00 PM,17365.00,4644.00,51418.00
50112,9/8/2017 6:28:00 PM,17371.00,4647.00,51421.00
50112,9/8/2017 6:29:00 PM,17378.00,4643.00,51420.00
50112,9/8/2017 6:30:00 PM,17378.00,4639.00,51421.00
50112,9/8/2017 6:31:00 PM,17381.00,4634.00,51419.00
50112,9/8/2017 6:32:00 PM,17385.00,4633.00,51417.00
50112,9/8/2017 6:33:00 PM,17389.00,4630.00,51416.00
50112,9/8/2017 6:34:00 PM,17389.00,4618.00,51414.00
50112,9/8/2017 6:35:00 PM,17384.00,4617.00,51414.00
50112,9/8/2017 6:36:00 PM,17387.00,4624.00,51417.00
50112,9/8/2017 6:37:00 PM,17394.00,4632.00,51421.00
50112,9/8/2017 6:38:00 PM,17400.00,4635.00,51425.00
50112,9/8/2017 6:39:00 PM,17402.00,4631.00,51426.00
50112,9/8/2017 6:40:00 PM,17407.00,4627.00,51424.00
50112,9/8/2017 6:41:00 PM,17411.00,4622.00,51427.00
50112,9/8/2017 6:42:00 PM,17415.00,4622.00,51428.00
50112,9/8/2017 6:43:00 PM,17413.00,4622.00,51427.00
50112,9/8/2017 6:44:00 PM,17413.00,4618.00,51424.00
50112,9/8/2017 6:45:00 PM,17413.00,4614.00,51424.00
50112,9/8/2017 6:46:00 PM,17407.00,4615.00,51424.00
50112,9/8/2017 6:47:00 PM,17411.00,4617.00,51424.00
50112,9/8/2017 6:48:00 PM,17414.00,4613.00,51424.00
50112,9/8/2017 6:49:00 PM,17412.00,4611.00,51421.00
50112,9/8/2017 6:50:00 PM,17408.00,4609.00,51419.00
50112,9/8/2017 6:51:00 PM,17407.00,4608.00,51417.00
50112,9/8/2017 6:52:00 PM,17404.00,4608.00,51416.00
50112,9/8/2017 6:53:00 PM,17399.00,4612.00,51415.00
50112,9/8/2017 6:54:00 PM,17404.00,4613.00,51416.00
50112,9/8/2017 6:55:00 PM,17405.00,4608.00,51416.00
50112,9/8/2017 6:56:00 PM,17399.00,4606.00,51415.00
50112,9/8/2017 6:57:00 PM,17394.00,4606.00,51415.00
50112,9/8/2017 6:58:00 PM,17390.00,4606.00,51415.00
50112,9/8/2017 6:59:00 PM,17387.00,4609.00,51416.00
50112,9/8/2017 7:00:00 PM,17388.00,4614.00,51417.00
50112,9/8/2017 7:01:00 PM,17393.00,4617.00,51418.00
50112,9/8/2017 7:02:00 PM,17397.00,4617.00,51419.00
50112,9/8/2017 7:03:00 PM,17396.00,4615.00,51418.00
50112,9/8/2017 7:04:00 PM,17390.00,4617.00,51419.00
50112,9/8/2017 7:05:00 PM,17388.00,4621.00,51420.00
50112,9/8/2017 7:06:00 PM,17391.00,4626.00,51421.00
50112,9/8/2017 7:07:00 PM,17393.00,4630.00,51421.00
50112,9/8/2017 7:08:00 PM,17396.00,4628.00,51421.00
50112,9/8/2017 7:09:00 PM,17395.00,4624.00,51422.00
50112,9/8/2017 7:10:00 PM,17392.00,4626.00,51422.00
50112,9/8/2017 7:11:00 PM,17392.00,4629.00,51423.00
50112,9/8/2017 7:12:00 PM,17400.00,4630.00,51424.00
50112,9/8/2017 7:13:00 PM,17403.00,4629.00,51425.00
50112,9/8/2017 7:14:00 PM,17402.00,4627.00,51424.00
50112,9/8/2017 7:15:00 PM,17399.00,4627.00,51425.00
50112,9/8/2017 7:16:00 PM,17399.00,4634.00,51427.00
50112,9/8/2017 7:17:00 PM,17403.00,4631.00,51426.00
50112,9/8/2017 7:18:00 PM,17404.00,4634.00,51428.00
50112,9/8/2017 7:19:00 PM,17406.00,4634.00,51426.00
50112,9/8/2017 7:20:00 PM,17409.00,4630.00,51425.00
50112,9/8/2017 7:21:00 PM,17409.00,4628.00,51426.00
50112,9/8/2017 7:22:00 PM,17408.00,4632.00,51426.00
50112,9/8/2017 7:23:00 PM,17406.00,4638.00,51428.00
50112,9/8/2017 7:24:00 PM,17406.00,4639.00,51427.00
50112,9/8/2017 7:25:00 PM,17406.00,4640.00,51428.00
50112,9/8/2017 7:26:00 PM,17404.00,4639.00,51428.00
50112,9/8/2017 7:27:00 PM,17404.00,4639.00,51428.00
50112,9/8/2017 7:28:00 PM,17401.00,4638.00,51430.00
50112,9/8/2017 7:29:00 PM,17400.00,4638.00,51431.00
50112,9/8/2017 7:30:00 PM,17401.00,4639.00,51431.00
50112,9/8/2017 7:31:00 PM,17401.00,4639.00,51432.00
50112,9/8/2017 7:32:00 PM,17402.00,4643.00,51433.00
50112,9/8/2017 7:33:00 PM,17404.00,4644.00,51434.00
50112,9/8/2017 7:34:00 PM,17406.00,4648.00,51434.00
50112,9/8/2017 7:35:00 PM,17409.00,4652.00,51436.00
50112,9/8/2017 7:36:00 PM,17415.00,4652.00,51436.00
50112,9/8/2017 7:37:00 PM,17415.00,4650.00,51436.00
50112,9/8/2017 7:38:00 PM,17411.00,4648.00,51434.00
50112,9/8/2017 7:39:00 PM,17410.00,4650.00,51434.00
50112,9/8/2017 7:40:00 PM,17407.00,4651.00,51435.00
50112,9/8/2017 7:41:00 PM,17406.00,4652.00,51436.00
50112,9/8/2017 7:42:00 PM,17405.00,4652.00,51436.00
50112,9/8/2017 7:43:00 PM,17402.00,4654.00,51436.00
50112,9/8/2017 7:44:00 PM,17401.00,4656.00,51437.00
50112,9/8/2017 7:45:00 PM,17399.00,4656.00,51437.00
50112,9/8/2017 7:46:00 PM,17399.00,4659.00,51439.00
50112,9/8/2017 7:47:00 PM,17399.00,4658.00,51439.00
50112,9/8/2017 7:48:00 PM,17403.00,4656.00,51439.00
50112,9/8/2017 7:49:00 PM,17404.00,4656.00,51439.00
50112,9/8/2017 7:50:00 PM,17404.00,4658.00,51439.00
50112,9/8/2017 7:51:00 PM,17404.00,4659.00,51440.00
50112,9/8/2017 7:52:00 PM,17405.00,4658.00,51440.00
50112,9/8/2017 7:53:00 PM,17403.00,4658.00,51440.00
50112,9/8/2017 7:54:00 PM,17403.00,4659.00,51441.00
50112,9/8/2017 7:55:00 PM,17405.00,4661.00,51441.00
50112,9/8/2017 7:56:00 PM,17405.00,4661.00,51442.00
50112,9/8/2017 7:57:00 PM,17405.00,4661.00,51442.00
50112,9/8/2017 7:58:00 PM,17407.00,4658.00,51442.00
50112,9/8/2017 7:59:00 PM,17405.00,4657.00,51443.00
50112,9/8/2017 8:00:00 PM,17406.00,4657.00,51443.00
50112,9/8/2017 8:01:00 PM,17404.00,4658.00,51443.00
50112,9/8/2017 8:02:00 PM,17404.00,4659.00,51444.00
50112,9/8/2017 8:03:00 PM,17407.00,4661.00,51444.00
50112,9/8/2017 8:04:00 PM,17406.00,4658.00,51444.00
50112,9/8/2017 8:05:00 PM,17404.00,4659.00,51446.00
50112,9/8/2017 8:06:00 PM,17408.00,4663.00,51446.00
50112,9/8/2017 8:07:00 PM,17410.00,4662.00,51445.00
50112,9/8/2017 8:08:00 PM,17412.00,4660.00,51446.00
50112,9/8/2017 8:09:00 PM,17415.00,4659.00,51446.00
50112,9/8/2017 8:10:00 PM,17413.00,4657.00,51447.00
50112,9/8/2017 8:11:00 PM,17413.00,4660.00,51448.00
50112,9/8/2017 8:12:00 PM,17412.00,4662.00,51447.00
50112,9/8/2017 8:13:00 PM,17410.00,4663.00,51449.00
50112,9/8/2017 8:14:00 PM,17414.00,4662.00,51448.00
50112,9/8/2017 8:15:00 PM,17415.00,4663.00,51449.00
50112,9/8/2017 8:16:00 PM,17411.00,4664.00,51449.00
50112,9/8/2017 8:17:00 PM,17404.00,4668.00,51450.00
50112,9/8/2017 8:18:00 PM,17403.00,4662.00,51448.00
50112,9/8/2017 8:19:00 PM,17400.00,4662.00,51449.00
50112,9/8/2017 8:20:00 PM,17401.00,4656.00,51450.00
50112,9/8/2017 8:21:00 PM,17400.00,4657.00,51450.00
50112,9/8/2017 8:22:00 PM,17396.00,4657.00,51450.00
50112,9/8/2017 8:23:00 PM,17394.00,4658.00,51450.00
50112,9/8/2017 8:24:00 PM,17394.00,4657.00,51450.00
50112,9/8/2017 8:25:00 PM,17396.00,4656.00,51450.00
50112,9/8/2017 8:26:00 PM,17397.00,4656.00,51452.00
50112,9/8/2017 8:27:00 PM,17398.00,4654.00,51452.00
50112,9/8/2017 8:28:00 PM,17398.00,4655.00,51452.00
50112,9/8/2017 8:29:00 PM,17392.00,4659.00,51452.00
50112,9/8/2017 8:30:00 PM,17387.00,4661.00,51451.00
50112,9/8/2017 8:31:00 PM,17379.00,4666.00,51453.00
50112,9/8/2017 8:32:00 PM,17377.00,4664.00,51453.00
50112,9/8/2017 8:33:00 PM,17378.00,4661.00,51455.00
50112,9/8/2017 8:34:00 PM,17381.00,4658.00,51454.00
50112,9/8/2017 8:35:00 PM,17390.00,4659.00,51455.00
50112,9/8/2017 8:36:00 PM,17401.00,4658.00,51455.00
50112,9/8/2017 8:37:00 PM,17409.00,4660.00,51454.00
50112,9/8/2017 8:38:00 PM,17410.00,4661.00,51455.00
50112,9/8/2017 8:39:00 PM,17409.00,4662.00,51455.00
50112,9/8/2017 8:40:00 PM,17408.00,4662.00,51456.00
50112,9/8/2017 8:41:00 PM,17406.00,4663.00,51456.00
50112,9/8/2017 8:42:00 PM,17407.00,4664.00,51457.00
50112,9/8/2017 8:43:00 PM,17407.00,4664.00,51458.00
50112,9/8/2017 8:44:00 PM,17407.00,4668.00,51458.00
50112,9/8/2017 8:45:00 PM,17400.00,4671.00,51459.00
50112,9/8/2017 8:46:00 PM,17397.00,4675.00,51460.00
50112,9/8/2017 8:47:00 PM,17398.00,4676.00,51461.00
50112,9/8/2017 8:48:00 PM,17403.00,4677.00,51463.00
50112,9/8/2017 8:49:00 PM,17407.00,4678.00,51465.00
50112,9/8/2017 8:50:00 PM,17415.00,4677.00,51467.00
50112,9/8/2017 8:51:00 PM,17417.00,4674.00,51468.00
50112,9/8/2017 8:52:00 PM,17418.00,4676.00,51469.00
50112,9/8/2017 8:53:00 PM,17422.00,4678.00,51471.00
50112,9/8/2017 8:54:00 PM,17420.00,4678.00,51471.00
50112,9/8/2017 8:55:00 PM,17417.00,4676.00,51470.00
50112,9/8/2017 8:56:00 PM,17413.00,4677.00,51471.00
50112,9/8/2017 8:57:00 PM,17416.00,4676.00,51472.00
50112,9/8/2017 8:58:00 PM,17417.00,4675.00,51473.00
50112,9/8/2017 8:59:00 PM,17421.00,4670.00,51473.00
50112,9/8/2017 9:00:00 PM,17418.00,4668.00,51472.00
50112,9/8/2017 9:01:00 PM,17419.00,4666.00,51472.00
50112,9/8/2017 9:02:00 PM,17420.00,4666.00,51473.00
50112,9/8/2017 9:03:00 PM,17420.00,4665.00,51473.00
50112,9/8/2017 9:04:00 PM,17422.00,4664.00,51474.00
50112,9/8/2017 9:05:00 PM,17423.00,4663.00,51474.00
50112,9/8/2017 9:06:00 PM,17420.00,4663.00,51474.00
50112,9/8/2017 9:07:00 PM,17418.00,4663.00,51475.00
50112,9/8/2017 9:08:00 PM,17418.00,4663.00,51475.00
50112,9/8/2017 9:09:00 PM,17416.00,4661.00,51475.00
50112,9/8/2017 9:10:00 PM,17416.00,4662.00,51475.00
50112,9/8/2017 9:11:00 PM,17412.00,4663.00,51476.00
50112,9/8/2017 9:12:00 PM,17405.00,4665.00,51476.00
50112,9/8/2017 9:13:00 PM,17399.00,4669.00,51478.00
50112,9/8/2017 9:14:00 PM,17402.00,4673.00,51480.00
50112,9/8/2017 9:15:00 PM,17407.00,4674.00,51482.00
50112,9/8/2017 9:16:00 PM,17410.00,4673.00,51483.00
50112,9/8/2017 9:17:00 PM,17414.00,4672.00,51484.00
50112,9/8/2017 9:18:00 PM,17417.00,4672.00,51485.00
50112,9/8/2017 9:19:00 PM,17416.00,4674.00,51484.00
50112,9/8/2017 9:20:00 PM,17418.00,4675.00,51484.00
50112,9/8/2017 9:21:00 PM,17418.00,4676.00,51484.00
50112,9/8/2017 9:22:00 PM,17419.00,4677.00,51485.00
50112,9/8/2017 9:23:00 PM,17422.00,4678.00,51485.00
50112,9/8/2017 9:24:00 PM,17425.00,4676.00,51486.00
50112,9/8/2017 9:25:00 PM,17427.00,4677.00,51486.00
50112,9/8/2017 9:26:00 PM,17430.00,4675.00,51486.00
50112,9/8/2017 9:27:00 PM,17429.00,4676.00,51486.00
50112,9/8/2017 9:28:00 PM,17427.00,4676.00,51486.00
50112,9/8/2017 9:29:00 PM,17425.00,4675.00,51486.00
50112,9/8/2017 9:30:00 PM,17422.00,4676.00,51486.00
50112,9/8/2017 9:31:00 PM,17418.00,4678.00,51486.00
50112,9/8/2017 9:32:00 PM,17418.00,4678.00,51487.00
50112,9/8/2017 9:33:00 PM,17421.00,4678.00,51487.00
50112,9/8/2017 9:34:00 PM,17424.00,4677.00,51487.00
50112,9/8/2017 9:35:00 PM,17424.00,4677.00,51487.00
50112,9/8/2017 9:36:00 PM,17423.00,4677.00,51487.00
50112,9/8/2017 9:37:00 PM,17420.00,4677.00,51487.00
50112,9/8/2017 9:38:00 PM,17422.00,4678.00,51487.00
50112,9/8/2017 9:39:00 PM,17425.00,4678.00,51487.00
50112,9/8/2017 9:40:00 PM,17427.00,4679.00,51487.00
50112,9/8/2017 9:41:00 PM,17430.00,4679.00,51488.00
50112,9/8/2017 9:42:00 PM,17432.00,4678.00,51488.00
50112,9/8/2017 9:43:00 PM,17430.00,4677.00,51487.00
50112,9/8/2017 9:44:00 PM,17425.00,4676.00,51486.00
50112,9/8/2017 9:45:00 PM,17420.00,4677.00,51485.00
50112,9/8/2017 9:46:00 PM,17416.00,4676.00,51483.00
50112,9/8/2017 9:47:00 PM,17410.00,4674.00,51482.00
50112,9/8/2017 9:48:00 PM,17410.00,4674.00,51482.00
50112,9/8/2017 9:49:00 PM,17409.00,4674.00,51482.00
50112,9/8/2017 9:50:00 PM,17410.00,4675.00,51481.00
50112,9/8/2017 9:51:00 PM,17411.00,4674.00,51481.00
50112,9/8/2017 9:52:00 PM,17414.00,4674.00,51481.00
50112,9/8/2017 9:53:00 PM,17414.00,4674.00,51480.00
50112,9/8/2017 9:54:00 PM,17414.00,4675.00,51479.00
50112,9/8/2017 9:55:00 PM,17416.00,4676.00,51479.00
50112,9/8/2017 9:56:00 PM,17420.00,4677.00,51479.00
50112,9/8/2017 9:57:00 PM,17420.00,4678.00,51479.00
50112,9/8/2017 9:58:00 PM,17422.00,4678.00,51478.00
50112,9/8/2017 9:59:00 PM,17425.00,4678.00,51478.00
50112,9/8/2017 10:00:00 PM,17424.00,4679.00,51478.00
50112,9/8/2017 10:01:00 PM,17426.00,4678.00,51478.00
50112,9/8/2017 10:02:00 PM,17427.00,4678.00,51477.00
50112,9/8/2017 10:03:00 PM,17424.00,4679.00,51476.00
50112,9/8/2017 10:04:00 PM,17423.00,4679.00,51476.00
50112,9/8/2017 10:05:00 PM,17424.00,4678.00,51475.00
50112,9/8/2017 10:06:00 PM,17422.00,4677.00,51474.00
50112,9/8/2017 10:07:00 PM,17422.00,4676.00,51474.00
50112,9/8/2017 10:08:00 PM,17422.00,4675.00,51473.00
50112,9/8/2017 10:09:00 PM,17422.00,4675.00,51473.00
50112,9/8/2017 10:10:00 PM,17423.00,4674.00,51472.00
50112,9/8/2017 10:11:00 PM,17424.00,4674.00,51472.00
50112,9/8/2017 10:12:00 PM,17426.00,4674.00,51472.00
50112,9/8/2017 10:13:00 PM,17426.00,4673.00,51471.00
50112,9/8/2017 10:14:00 PM,17426.00,4674.00,51471.00
50112,9/8/2017 10:15:00 PM,17427.00,4673.00,51470.00
50112,9/8/2017 10:16:00 PM,17428.00,4673.00,51471.00
50112,9/8/2017 10:17:00 PM,17430.00,4674.00,51471.00
50112,9/8/2017 10:18:00 PM,17433.00,4673.00,51472.00
50112,9/8/2017 10:19:00 PM,17433.00,4675.00,51472.00
50112,9/8/2017 10:20:00 PM,17436.00,4676.00,51473.00
50112,9/8/2017 10:21:00 PM,17438.00,4677.00,51474.00
50112,9/8/2017 10:22:00 PM,17438.00,4679.00,51475.00
50112,9/8/2017 10:23:00 PM,17440.00,4682.00,51475.00
50112,9/8/2017 10:24:00 PM,17444.00,4682.00,51475.00
50112,9/8/2017 10:25:00 PM,17446.00,4681.00,51475.00
50112,9/8/2017 10:26:00 PM,17446.00,4680.00,51474.00
50112,9/8/2017 10:27:00 PM,17447.00,4680.00,51475.00
50112,9/8/2017 10:28:00 PM,17447.00,4678.00,51474.00
50112,9/8/2017 10:29:00 PM,17447.00,4677.00,51474.00
50112,9/8/2017 10:30:00 PM,17446.00,4677.00,51474.00
50112,9/8/2017 10:31:00 PM,17446.00,4678.00,51474.00
50112,9/8/2017 10:32:00 PM,17445.00,4676.00,51473.00
50112,9/8/2017 10:33:00 PM,17445.00,4677.00,51474.00
50112,9/8/2017 10:34:00 PM,17446.00,4676.00,51473.00
50112,9/8/2017 10:35:00 PM,17444.00,4677.00,51473.00
50112,9/8/2017 10:36:00 PM,17444.00,4676.00,51472.00
50112,9/8/2017 10:37:00 PM,17443.00,4676.00,51472.00
50112,9/8/2017 10:38:00 PM,17441.00,4677.00,51472.00
50112,9/8/2017 10:39:00 PM,17441.00,4679.00,51472.00
50112,9/8/2017 10:40:00 PM,17440.00,4678.00,51472.00
50112,9/8/2017 10:41:00 PM,17438.00,4679.00,51472.00
50112,9/8/2017 10:42:00 PM,17438.00,4680.00,51472.00
50112,9/8/2017 10:43:00 PM,17438.00,4681.00,51472.00
50112,9/8/2017 10:44:00 PM,17437.00,4682.00,51472.00
50112,9/8/2017 10:45:00 PM,17435.00,4683.00,51471.00
50112,9/8/2017 10:46:00 PM,17428.00,4685.00,51471.00
50112,9/8/2017 10:47:00 PM,17435.00,4686.00,51472.00
50112,9/8/2017 10:48:00 PM,17437.00,4687.00,51473.00
50112,9/8/2017 10:49:00 PM,17436.00,4690.00,51473.00
50112,9/8/2017 10:50:00 PM,17440.00,4691.00,51474.00
50112,9/8/2017 10:51:00 PM,17443.00,4694.00,51475.00
50112,9/8/2017 10:52:00 PM,17446.00,4699.00,51476.00
50112,9/8/2017 10:53:00 PM,17445.00,4704.00,51476.00
50112,9/8/2017 10:54:00 PM,17448.00,4709.00,51477.00
50112,9/8/2017 10:55:00 PM,17450.00,4711.00,51478.00
50112,9/8/2017 10:56:00 PM,17453.00,4712.00,51479.00
50112,9/8/2017 10:57:00 PM,17453.00,4713.00,51479.00
50112,9/8/2017 10:58:00 PM,17454.00,4714.00,51479.00
50112,9/8/2017 10:59:00 PM,17455.00,4714.00,51479.00
50112,9/8/2017 11:00:00 PM,17458.00,4714.00,51480.00
50112,9/8/2017 11:01:00 PM,17462.00,4714.00,51480.00
50112,9/8/2017 11:02:00 PM,17466.00,4713.00,51480.00
50112,9/8/2017 11:03:00 PM,17468.00,4713.00,51480.00
50112,9/8/2017 11:04:00 PM,17469.00,4713.00,51479.00
50112,9/8/2017 11:05:00 PM,17469.00,4712.00,51478.00
50112,9/8/2017 11:06:00 PM,17473.00,4711.00,51478.00
50112,9/8/2017 11:08:00 PM,17476.00,4708.00,51478.00
50112,9/8/2017 11:09:00 PM,17476.00,4707.00,51477.00
50112,9/8/2017 11:10:00 PM,17479.00,4706.00,51477.00
50112,9/8/2017 11:11:00 PM,17482.00,4706.00,51477.00
50112,9/8/2017 11:12:00 PM,17482.00,4705.00,51476.00
50112,9/8/2017 11:13:00 PM,17478.00,4706.00,51475.00
50112,9/8/2017 11:14:00 PM,17476.00,4707.00,51475.00
50112,9/8/2017 11:15:00 PM,17477.00,4705.00,51474.00
50112,9/8/2017 11:16:00 PM,17476.00,4702.00,51473.00
50112,9/8/2017 11:17:00 PM,17475.00,4701.00,51473.00
50112,9/8/2017 11:18:00 PM,17476.00,4701.00,51472.00
50112,9/8/2017 11:19:00 PM,17474.00,4699.00,51471.00
50112,9/8/2017 11:20:00 PM,17470.00,4698.00,51470.00
50112,9/8/2017 11:21:00 PM,17466.00,4699.00,51469.00
50112,9/8/2017 11:22:00 PM,17465.00,4699.00,51468.00
50112,9/8/2017 11:23:00 PM,17464.00,4698.00,51467.00
50112,9/8/2017 11:24:00 PM,17462.00,4697.00,51466.00
50112,9/8/2017 11:25:00 PM,17462.00,4696.00,51465.00
50112,9/8/2017 11:26:00 PM,17461.00,4696.00,51464.00
50112,9/8/2017 11:27:00 PM,17460.00,4696.00,51464.00
50112,9/8/2017 11:28:00 PM,17461.00,4695.00,51463.00
50112,9/8/2017 11:29:00 PM,17460.00,4693.00,51462.00
50112,9/8/2017 11:30:00 PM,17461.00,4692.00,51462.00
50112,9/8/2017 11:31:00 PM,17461.00,4691.00,51461.00
50112,9/8/2017 11:32:00 PM,17459.00,4692.00,51460.00
50112,9/8/2017 11:33:00 PM,17457.00,4692.00,51460.00
50112,9/8/2017 11:34:00 PM,17458.00,4692.00,51460.00
50112,9/8/2017 11:35:00 PM,17458.00,4691.00,51459.00
50112,9/8/2017 11:36:00 PM,17458.00,4690.00,51458.00
50112,9/8/2017 11:37:00 PM,17457.00,4689.00,51457.00
50112,9/8/2017 11:38:00 PM,17455.00,4688.00,51455.00
50112,9/8/2017 11:39:00 PM,17453.00,4689.00,51454.00
50112,9/8/2017 11:40:00 PM,17454.00,4690.00,51455.00
50112,9/8/2017 11:41:00 PM,17454.00,4690.00,51456.00
50112,9/8/2017 11:42:00 PM,17456.00,4691.00,51456.00
50112,9/8/2017 11:43:00 PM,17457.00,4691.00,51456.00
50112,9/8/2017 11:44:00 PM,17458.00,4690.00,51455.00
50112,9/8/2017 11:45:00 PM,17458.00,4689.00,51455.00
50112,9/8/2017 11:46:00 PM,17458.00,4690.00,51456.00
50112,9/8/2017 11:47:00 PM,17456.00,4690.00,51455.00
50112,9/8/2017 11:48:00 PM,17455.00,4690.00,51454.00
50112,9/8/2017 11:49:00 PM,17454.00,4692.00,51454.00
50112,9/8/2017 11:50:00 PM,17454.00,4692.00,51454.00
50112,9/8/2017 11:51:00 PM,17453.00,4692.00,51453.00
50112,9/8/2017 11:52:00 PM,17454.00,4692.00,51454.00
50112,9/8/2017 11:53:00 PM,17453.00,4692.00,51453.00
50112,9/8/2017 11:54:00 PM,17452.00,4692.00,51453.00
50112,9/8/2017 11:55:00 PM,17452.00,4692.00,51453.00
50112,9/8/2017 11:56:00 PM,17452.00,4693.00,51453.00
50112,9/8/2017 11:57:00 PM,17451.00,4693.00,51453.00
50112,9/8/2017 11:58:00 PM,17451.00,4694.00,51452.00
50112,9/8/2017 11:59:00 PM,17452.00,4693.00,51452.00
50112,9/9/2017 12:00:00 AM,17454.00,4692.00,51452.00
50112,9/9/2017 12:01:00 AM,17454.00,4690.00,51451.00
50112,9/9/2017 12:02:00 AM,17453.00,4688.00,51450.00
50112,9/9/2017 12:03:00 AM,17451.00,4687.00,51449.00
50112,9/9/2017 12:04:00 AM,17450.00,4688.00,51449.00
50112,9/9/2017 12:05:00 AM,17450.00,4688.00,51449.00
50112,9/9/2017 12:06:00 AM,17449.00,4689.00,51450.00
50112,9/9/2017 12:07:00 AM,17447.00,4690.00,51449.00
50112,9/9/2017 12:08:00 AM,17446.00,4691.00,51449.00
50112,9/9/2017 12:09:00 AM,17446.00,4692.00,51450.00
50112,9/9/2017 12:10:00 AM,17446.00,4692.00,51450.00
50112,9/9/2017 12:11:00 AM,17448.00,4692.00,51450.00
50112,9/9/2017 12:12:00 AM,17448.00,4692.00,51449.00
50112,9/9/2017 12:13:00 AM,17447.00,4692.00,51449.00
50112,9/9/2017 12:14:00 AM,17446.00,4693.00,51449.00
50112,9/9/2017 12:15:00 AM,17445.00,4693.00,51448.00
50112,9/9/2017 12:16:00 AM,17444.00,4692.00,51448.00
50112,9/9/2017 12:17:00 AM,17442.00,4694.00,51448.00
50112,9/9/2017 12:18:00 AM,17442.00,4694.00,51448.00
50112,9/9/2017 12:19:00 AM,17441.00,4694.00,51448.00
50112,9/9/2017 12:20:00 AM,17439.00,4694.00,51447.00
50112,9/9/2017 12:21:00 AM,17439.00,4694.00,51447.00
50112,9/9/2017 12:22:00 AM,17439.00,4694.00,51447.00
50112,9/9/2017 12:23:00 AM,17439.00,4693.00,51446.00
50112,9/9/2017 12:24:00 AM,17439.00,4693.00,51447.00
50112,9/9/2017 12:25:00 AM,17440.00,4693.00,51447.00
50112,9/9/2017 12:26:00 AM,17440.00,4693.00,51448.00
50112,9/9/2017 12:27:00 AM,17440.00,4694.00,51448.00
50112,9/9/2017 12:28:00 AM,17440.00,4694.00,51448.00
50112,9/9/2017 12:29:00 AM,17442.00,4694.00,51448.00
50112,9/9/2017 12:30:00 AM,17443.00,4695.00,51448.00
50112,9/9/2017 12:31:00 AM,17443.00,4695.00,51448.00
50112,9/9/2017 12:32:00 AM,17442.00,4695.00,51448.00
50112,9/9/2017 12:33:00 AM,17443.00,4695.00,51449.00
50112,9/9/2017 12:34:00 AM,17445.00,4696.00,51449.00
50112,9/9/2017 12:35:00 AM,17444.00,4695.00,51449.00
50112,9/9/2017 12:36:00 AM,17444.00,4695.00,51449.00
50112,9/9/2017 12:37:00 AM,17446.00,4696.00,51449.00
50112,9/9/2017 12:38:00 AM,17446.00,4698.00,51449.00
50112,9/9/2017 12:39:00 AM,17446.00,4698.00,51449.00
50112,9/9/2017 12:40:00 AM,17446.00,4698.00,51449.00
50112,9/9/2017 12:41:00 AM,17446.00,4698.00,51450.00
50112,9/9/2017 12:42:00 AM,17446.00,4697.00,51449.00
50112,9/9/2017 12:43:00 AM,17445.00,4697.00,51449.00
50112,9/9/2017 12:44:00 AM,17444.00,4697.00,51449.00
50112,9/9/2017 12:45:00 AM,17444.00,4697.00,51449.00
50112,9/9/2017 12:46:00 AM,17444.00,4697.00,51450.00
50112,9/9/2017 12:47:00 AM,17444.00,4698.00,51450.00
50112,9/9/2017 12:48:00 AM,17445.00,4698.00,51450.00
50112,9/9/2017 12:49:00 AM,17445.00,4697.00,51450.00
50112,9/9/2017 12:50:00 AM,17444.00,4697.00,51450.00
50112,9/9/2017 12:51:00 AM,17443.00,4697.00,51449.00
50112,9/9/2017 12:52:00 AM,17444.00,4698.00,51449.00
50112,9/9/2017 12:53:00 AM,17444.00,4698.00,51449.00
50112,9/9/2017 12:54:00 AM,17444.00,4699.00,51449.00
50112,9/9/2017 12:55:00 AM,17444.00,4699.00,51449.00
50112,9/9/2017 12:56:00 AM,17444.00,4700.00,51450.00
50112,9/9/2017 12:57:00 AM,17446.00,4701.00,51450.00
50112,9/9/2017 12:58:00 AM,17447.00,4700.00,51450.00
50112,9/9/2017 12:59:00 AM,17449.00,4700.00,51450.00
50112,9/9/2017 1:00:00 AM,17450.00,4699.00,51450.00
50112,9/9/2017 1:01:00 AM,17450.00,4699.00,51450.00
50112,9/9/2017 1:02:00 AM,17450.00,4700.00,51450.00
50112,9/9/2017 1:03:00 AM,17452.00,4700.00,51450.00
50112,9/9/2017 1:04:00 AM,17452.00,4700.00,51450.00
50112,9/9/2017 1:05:00 AM,17452.00,4700.00,51450.00
50112,9/9/2017 1:06:00 AM,17451.00,4700.00,51449.00
50112,9/9/2017 1:07:00 AM,17450.00,4700.00,51449.00
50112,9/9/2017 1:08:00 AM,17451.00,4699.00,51449.00
50112,9/9/2017 1:09:00 AM,17450.00,4698.00,51449.00
50112,9/9/2017 1:10:00 AM,17449.00,4698.00,51449.00
50112,9/9/2017 1:11:00 AM,17450.00,4697.00,51449.00
50112,9/9/2017 1:12:00 AM,17451.00,4697.00,51450.00
50112,9/9/2017 1:13:00 AM,17449.00,4695.00,51449.00
50112,9/9/2017 1:14:00 AM,17448.00,4694.00,51449.00
50112,9/9/2017 1:15:00 AM,17445.00,4694.00,51449.00
50112,9/9/2017 1:16:00 AM,17444.00,4695.00,51449.00
50112,9/9/2017 1:17:00 AM,17442.00,4696.00,51449.00
50112,9/9/2017 1:18:00 AM,17440.00,4696.00,51448.00
50112,9/9/2017 1:19:00 AM,17438.00,4696.00,51448.00
50112,9/9/2017 1:20:00 AM,17438.00,4697.00,51448.00
50112,9/9/2017 1:21:00 AM,17436.00,4697.00,51448.00
50112,9/9/2017 1:22:00 AM,17435.00,4698.00,51448.00
50112,9/9/2017 1:23:00 AM,17434.00,4699.00,51448.00
50112,9/9/2017 1:24:00 AM,17434.00,4699.00,51448.00
50112,9/9/2017 1:25:00 AM,17435.00,4698.00,51448.00
50112,9/9/2017 1:26:00 AM,17434.00,4699.00,51448.00
50112,9/9/2017 1:27:00 AM,17430.00,4701.00,51448.00
50112,9/9/2017 1:28:00 AM,17427.00,4703.00,51448.00
50112,9/9/2017 1:29:00 AM,17425.00,4704.00,51448.00
50112,9/9/2017 1:30:00 AM,17426.00,4705.00,51448.00
50112,9/9/2017 1:31:00 AM,17428.00,4706.00,51449.00
50112,9/9/2017 1:32:00 AM,17428.00,4708.00,51450.00
50112,9/9/2017 1:33:00 AM,17428.00,4710.00,51450.00
50112,9/9/2017 1:34:00 AM,17428.00,4712.00,51450.00
50112,9/9/2017 1:35:00 AM,17428.00,4713.00,51450.00
50112,9/9/2017 1:36:00 AM,17429.00,4714.00,51450.00
50112,9/9/2017 1:37:00 AM,17430.00,4715.00,51451.00
50112,9/9/2017 1:38:00 AM,17432.00,4716.00,51451.00
50112,9/9/2017 1:39:00 AM,17434.00,4716.00,51450.00
50112,9/9/2017 1:40:00 AM,17435.00,4715.00,51450.00
50112,9/9/2017 1:41:00 AM,17436.00,4714.00,51449.00
50112,9/9/2017 1:42:00 AM,17437.00,4713.00,51449.00
50112,9/9/2017 1:43:00 AM,17438.00,4711.00,51448.00
50112,9/9/2017 1:44:00 AM,17438.00,4711.00,51448.00
50112,9/9/2017 1:45:00 AM,17437.00,4710.00,51447.00
50112,9/9/2017 1:46:00 AM,17434.00,4711.00,51446.00
50112,9/9/2017 1:47:00 AM,17435.00,4713.00,51446.00
50112,9/9/2017 1:48:00 AM,17436.00,4714.00,51446.00
50112,9/9/2017 1:49:00 AM,17437.00,4716.00,51446.00
50112,9/9/2017 1:50:00 AM,17439.00,4716.00,51446.00
50112,9/9/2017 1:51:00 AM,17439.00,4716.00,51446.00
50112,9/9/2017 1:52:00 AM,17440.00,4717.00,51446.00
50112,9/9/2017 1:53:00 AM,17442.00,4717.00,51446.00
50112,9/9/2017 1:54:00 AM,17444.00,4717.00,51446.00
50112,9/9/2017 1:55:00 AM,17446.00,4717.00,51446.00
50112,9/9/2017 1:56:00 AM,17448.00,4716.00,51446.00
50112,9/9/2017 1:57:00 AM,17450.00,4715.00,51445.00
50112,9/9/2017 1:58:00 AM,17452.00,4712.00,51444.00
50112,9/9/2017 1:59:00 AM,17453.00,4709.00,51444.00
50112,9/9/2017 2:00:00 AM,17454.00,4706.00,51443.00
50112,9/9/2017 2:01:00 AM,17454.00,4703.00,51442.00
50112,9/9/2017 2:02:00 AM,17455.00,4700.00,51441.00
50112,9/9/2017 2:03:00 AM,17455.00,4698.00,51440.00
50112,9/9/2017 2:04:00 AM,17454.00,4696.00,51440.00
50112,9/9/2017 2:05:00 AM,17453.00,4694.00,51440.00
50112,9/9/2017 2:06:00 AM,17451.00,4694.00,51439.00
50112,9/9/2017 2:07:00 AM,17449.00,4694.00,51439.00
50112,9/9/2017 2:08:00 AM,17448.00,4695.00,51439.00
50112,9/9/2017 2:09:00 AM,17448.00,4696.00,51439.00
50112,9/9/2017 2:10:00 AM,17448.00,4695.00,51439.00
50112,9/9/2017 2:11:00 AM,17448.00,4695.00,51439.00
50112,9/9/2017 2:12:00 AM,17447.00,4694.00,51439.00
50112,9/9/2017 2:13:00 AM,17446.00,4694.00,51438.00
50112,9/9/2017 2:14:00 AM,17445.00,4693.00,51438.00
50112,9/9/2017 2:15:00 AM,17445.00,4693.00,51438.00
50112,9/9/2017 2:16:00 AM,17444.00,4692.00,51438.00
50112,9/9/2017 2:17:00 AM,17444.00,4692.00,51438.00
50112,9/9/2017 2:18:00 AM,17444.00,4692.00,51438.00
50112,9/9/2017 2:19:00 AM,17444.00,4691.00,51438.00
50112,9/9/2017 2:20:00 AM,17443.00,4691.00,51438.00
50112,9/9/2017 2:21:00 AM,17442.00,4691.00,51438.00
50112,9/9/2017 2:22:00 AM,17440.00,4691.00,51438.00
50112,9/9/2017 2:23:00 AM,17439.00,4691.00,51438.00
50112,9/9/2017 2:24:00 AM,17439.00,4691.00,51438.00
50112,9/9/2017 2:25:00 AM,17438.00,4692.00,51438.00
50112,9/9/2017 2:26:00 AM,17437.00,4692.00,51438.00
50112,9/9/2017 2:27:00 AM,17438.00,4692.00,51438.00
50112,9/9/2017 2:28:00 AM,17438.00,4692.00,51438.00
50112,9/9/2017 2:29:00 AM,17440.00,4692.00,51438.00
50112,9/9/2017 2:30:00 AM,17440.00,4692.00,51438.00
50112,9/9/2017 2:31:00 AM,17440.00,4692.00,51438.00
50112,9/9/2017 2:32:00 AM,17439.00,4691.00,51438.00
50112,9/9/2017 2:33:00 AM,17440.00,4692.00,51438.00
50112,9/9/2017 2:34:00 AM,17440.00,4691.00,51438.00
50112,9/9/2017 2:35:00 AM,17442.00,4690.00,51438.00
50112,9/9/2017 2:36:00 AM,17442.00,4689.00,51438.00
50112,9/9/2017 2:37:00 AM,17440.00,4688.00,51438.00
50112,9/9/2017 2:38:00 AM,17439.00,4688.00,51438.00
50112,9/9/2017 2:39:00 AM,17438.00,4689.00,51438.00
50112,9/9/2017 2:40:00 AM,17439.00,4689.00,51438.00
50112,9/9/2017 2:41:00 AM,17440.00,4689.00,51438.00
50112,9/9/2017 2:42:00 AM,17440.00,4689.00,51438.00
50112,9/9/2017 2:43:00 AM,17440.00,4688.00,51438.00
50112,9/9/2017 2:44:00 AM,17439.00,4687.00,51438.00
50112,9/9/2017 2:45:00 AM,17438.00,4687.00,51438.00
50112,9/9/2017 2:46:00 AM,17436.00,4687.00,51438.00
50112,9/9/2017 2:47:00 AM,17435.00,4688.00,51438.00
50112,9/9/2017 2:48:00 AM,17434.00,4689.00,51438.00
50112,9/9/2017 2:49:00 AM,17434.00,4690.00,51438.00
50112,9/9/2017 2:50:00 AM,17434.00,4691.00,51438.00
50112,9/9/2017 2:51:00 AM,17433.00,4692.00,51438.00
50112,9/9/2017 2:52:00 AM,17433.00,4693.00,51438.00
50112,9/9/2017 2:53:00 AM,17434.00,4693.00,51438.00
50112,9/9/2017 2:54:00 AM,17435.00,4694.00,51438.00
50112,9/9/2017 2:55:00 AM,17436.00,4693.00,51438.00
50112,9/9/2017 2:56:00 AM,17435.00,4693.00,51438.00
50112,9/9/2017 2:57:00 AM,17435.00,4693.00,51438.00
50112,9/9/2017 2:58:00 AM,17436.00,4693.00,51438.00
50112,9/9/2017 2:59:00 AM,17436.00,4693.00,51438.00
50112,9/9/2017 3:00:00 AM,17436.00,4693.00,51438.00
